工作流名称,子任务名称,开始时间,结束时间,执行时长
WF_LX_ACC_CMS,,2020-10-21 04:42:34,2020-10-21 04:52:04,0:09:30
WF_LX_ACC_CMS,fld_cms_o0102,2020-10-21 04:49:16,2020-10-21 04:50:37,0:01:21
WF_LX_ACC_CMS,fld_cms_e0102,2020-10-21 04:51:09,2020-10-21 04:51:31,0:00:22
WF_LX_ACC_CMS,cut_pi_exit_s_linedesc_acccode0200,2020-10-21 04:44:38,2020-10-21 04:49:16,0:04:38
WF_LX_ACC_CMS,cut_pi_exit_o_linedesc_acccode0200,2020-10-21 04:50:37,2020-10-21 04:51:09,0:00:32
WF_LX_ACC_CMS,cut_pi_exit_e_linedesc_acccode0200,2020-10-21 04:51:31,2020-10-21 04:51:54,0:00:23
WF_LX_ACC_CMS,trigger_next_workflow,2020-10-21 04:51:54,2020-10-21 04:51:56,0:00:02
WF_LX_ACC_CMS,fld_cms0102,2020-10-21 04:42:34,2020-10-21 04:44:38,0:02:04
WF_LX_ACC_DQC,,2020-10-21 04:51:54,2020-10-21 04:55:34,0:03:40
WF_LX_ACC_DQC,t80_od_dqc_result0200,2020-10-21 04:51:54,2020-10-21 04:55:32,0:03:38
WF_LX_ACC_DQC,trigger_next_workflow,2020-10-21 04:55:32,2020-10-21 04:55:34,0:00:02
WF_LX_ACC_T80_OD,,2020-10-21 04:55:33,2020-10-21 05:18:19,0:22:46
WF_LX_ACC_T80_OD,t80_od_line_modify0200,2020-10-21 04:58:09,2020-10-21 05:07:54,0:09:45
WF_LX_ACC_T80_OD,t80_od_transfer0200,2020-10-21 05:07:54,2020-10-21 05:08:46,0:00:52
WF_LX_ACC_T80_OD,t80_od_route_modify0200,2020-10-21 05:14:14,2020-10-21 05:18:08,0:03:54
WF_LX_ACC_T80_OD,t80_passenger_flow0200,2020-10-21 05:07:55,2020-10-21 05:11:33,0:03:38
WF_LX_ACC_T80_OD,trigger_next_workflow,2020-10-21 05:18:08,2020-10-21 05:18:10,0:00:02
WF_LX_ACC_T80_OD,t80_od_line0200,2020-10-21 04:55:33,2020-10-21 04:58:09,0:02:36
WF_LX_ACC_T80_OD,t80_od_transfer_modify0200,2020-10-21 05:08:46,2020-10-21 05:10:20,0:01:34
WF_LX_ACC_T80_OD,t80_passenger_flow_modify0200,2020-10-21 05:11:33,2020-10-21 05:14:03,0:02:30
WF_LX_ACC_T80_OD,t80_od_route0200,2020-10-21 05:10:20,2020-10-21 05:14:14,0:03:54
WF_LX_ACC_T98_OD_ROUTE,,2020-10-21 05:18:09,2020-10-21 05:21:34,0:03:25
WF_LX_ACC_T98_OD_ROUTE,t98_od_route_dd0300,2020-10-21 05:18:09,2020-10-21 05:21:32,0:03:23
WF_LX_ACC_T98_OD_ROUTE,trigger_next_workflow,2020-10-21 05:21:32,2020-10-21 05:21:34,0:00:02
WF_LX_ACC_T98_AREAPASGR,,2020-10-21 05:21:33,2020-10-21 05:23:59,0:02:26
WF_LX_ACC_T98_AREAPASGR,t98_area_od_pasgr_date_st0300,2020-10-21 05:21:33,2020-10-21 05:23:58,0:02:25
WF_LX_ACC_T98_AREAPASGR,trigger_next_workflow,2020-10-21 05:23:58,2020-10-21 05:23:58,0:00:00
WF_LX_ACC_T98_PASGER_BASIC,,2020-10-21 05:21:33,2020-10-21 05:30:45,0:09:12
WF_LX_ACC_T98_PASGER_BASIC,t98_pasgr_date_st0300,2020-10-21 05:24:29,2020-10-21 05:27:21,0:02:52
WF_LX_ACC_T98_PASGER_BASIC,t98_pasgr_date_cms_st0300,2020-10-21 05:21:33,2020-10-21 05:24:29,0:02:56
WF_LX_ACC_T98_PASGER_BASIC,t98_pasgr_period_cms_st0300,2020-10-21 05:27:21,2020-10-21 05:28:39,0:01:18
WF_LX_ACC_T98_PASGER_BASIC,t98_pasgr_period_st_e0300,2020-10-21 05:28:39,2020-10-21 05:30:33,0:01:54
WF_LX_ACC_T98_PASGER_BASIC,t98_pasgr_period_st0300,2020-10-21 05:28:40,2020-10-21 05:30:34,0:01:54
WF_LX_ACC_T98_PASGER_BASIC,t98_pasgr_date_st_e0300,2020-10-21 05:24:30,2020-10-21 05:27:55,0:03:25
WF_LX_ACC_T98_PASGER_BASIC,trigger_next_workflow,2020-10-21 05:30:34,2020-10-21 05:30:36,0:00:02
WF_LX_ACC_T98_PASGER,,2020-10-21 05:30:35,2020-10-21 05:36:25,0:05:50
WF_LX_ACC_T98_PASGER,t98_dec_pasgr_period_st0300,2020-10-21 05:30:35,2020-10-21 05:36:24,0:05:49
WF_LX_ACC_T98_PASGER,trigger_next_workflow,2020-10-21 05:36:24,2020-10-21 05:36:25,0:00:01
WF_LX_ACC_T98_OD_ENTRY,,2020-10-21 05:21:33,2020-10-21 05:27:45,0:06:12
WF_LX_ACC_T98_OD_ENTRY,trigger_next_workflow,2020-10-21 05:27:43,2020-10-21 05:27:44,0:00:01
WF_LX_ACC_T98_OD_ENTRY,t98_od_pasgr_entry_date_st0300,2020-10-21 05:21:33,2020-10-21 05:24:47,0:03:14
WF_LX_ACC_T98_OD_ENTRY,t98_od_pasgr_entry_period_st0300,2020-10-21 05:24:47,2020-10-21 05:27:43,0:02:56
WF_LX_ACC_T98_OD_EXIT,,2020-10-21 05:21:34,2020-10-21 05:28:06,0:06:32
WF_LX_ACC_T98_OD_EXIT,t98_od_pasgr_exit_period_st0300,2020-10-21 05:25:17,2020-10-21 05:28:04,0:02:47
WF_LX_ACC_T98_OD_EXIT,trigger_next_workflow,2020-10-21 05:28:04,2020-10-21 05:28:04,0:00:00
WF_LX_ACC_T98_OD_EXIT,t98_od_pasgr_exit_date_st0300,2020-10-21 05:21:34,2020-10-21 05:25:17,0:03:43
WF_LX_ACC_T98_OD_LINE,,2020-10-21 05:30:35,2020-10-21 05:48:57,0:18:22
WF_LX_ACC_T98_OD_LINE,t98_ownline_enex_pq_period_st0300,2020-10-21 05:46:49,2020-10-21 05:47:42,0:00:53
WF_LX_ACC_T98_OD_LINE,t98_line_rscnt_pcnt_distr_d_st0300,2020-10-21 05:41:39,2020-10-21 05:44:15,0:02:36
WF_LX_ACC_T98_OD_LINE,t98_line_trancnt_pq_period_st0300,2020-10-21 05:43:49,2020-10-21 05:45:44,0:01:55
WF_LX_ACC_T98_OD_LINE,t98_line_rkm_pcnt_distr_d_st0300,2020-10-21 05:41:14,2020-10-21 05:43:49,0:02:35
WF_LX_ACC_T98_OD_LINE,t98_ownen_othex_pq_period_st0300,2020-10-21 05:45:33,2020-10-21 05:47:28,0:01:55
WF_LX_ACC_T98_OD_LINE,t98_ownline_enex_pq_date_st0300,2020-10-21 05:45:44,2020-10-21 05:47:22,0:01:38
WF_LX_ACC_T98_OD_LINE,trigger_next_workflow,2020-10-21 05:48:42,2020-10-21 05:48:43,0:00:01
WF_LX_ACC_T98_OD_LINE,t98_line_rmnt_pcnt_distr_st0300,2020-10-21 05:37:53,2020-10-21 05:41:16,0:03:23
WF_LX_ACC_T98_OD_LINE,t98_line_rscnt_pcnt_distr_st0300,2020-10-21 05:37:54,2020-10-21 05:41:39,0:03:45
WF_LX_ACC_T98_OD_LINE,t98_pass_ownline_pq_period_st0300,2020-10-21 05:47:28,2020-10-21 05:48:39,0:01:11
WF_LX_ACC_T98_OD_LINE,t98_ownen_othex_pq_date_st0300,2020-10-21 05:44:15,2020-10-21 05:46:49,0:02:34
WF_LX_ACC_T98_OD_LINE,t98_pass_ownline_pq_date_st0300,2020-10-21 05:47:22,2020-10-21 05:48:42,0:01:20
WF_LX_ACC_T98_OD_LINE,t98_line_rmnt_pcnt_distr_d_st0300,2020-10-21 05:41:16,2020-10-21 05:43:21,0:02:05
WF_LX_ACC_T98_OD_LINE,t98_line_trancnt_pq_date_st0300,2020-10-21 05:43:21,2020-10-21 05:45:33,0:02:12
WF_LX_ACC_T98_OD_LINE,t98_line_detail0300,2020-10-21 05:30:35,2020-10-21 05:37:52,0:07:17
WF_LX_ACC_T98_OD_LINE,t98_line_rkm_pcnt_distr_st0300,2020-10-21 05:37:52,2020-10-21 05:41:14,0:03:22
WF_LX_ACC_T98_OD_NET,,2020-10-21 05:30:36,2020-10-21 05:43:38,0:13:02
WF_LX_ACC_T98_OD_NET,t98_net_average_d_st0300,2020-10-21 05:39:22,2020-10-21 05:43:18,0:03:56
WF_LX_ACC_T98_OD_NET,t98_en_average_period_st0300,2020-10-21 05:32:50,2020-10-21 05:35:41,0:02:51
WF_LX_ACC_T98_OD_NET,t98_en_rkm_pcnt_distr_st0300,2020-10-21 05:32:51,2020-10-21 05:36:15,0:03:24
WF_LX_ACC_T98_OD_NET,Block,2020-10-21 05:32:57,2020-10-21 05:32:57,0:00:00
WF_LX_ACC_T98_OD_NET,t98_net_rscnt_pcnt_distr_st0300,2020-10-21 05:33:00,2020-10-21 05:37:25,0:04:25
WF_LX_ACC_T98_OD_NET,t98_en_rmnt_pcnt_distr_st0300,2020-10-21 05:32:53,2020-10-21 05:36:56,0:04:03
WF_LX_ACC_T98_OD_NET,t98_net_tmnt_pcnt_distr_st0300,2020-10-21 05:32:57,2020-10-21 05:37:24,0:04:27
WF_LX_ACC_T98_OD_NET,t98_net_rkm_pcnt_distr_d_st0300,2020-10-21 05:37:22,2020-10-21 05:41:25,0:04:03
WF_LX_ACC_T98_OD_NET,t98_net_rmnt_pcnt_distr_st0300,2020-10-21 05:32:59,2020-10-21 05:37:30,0:04:31
WF_LX_ACC_T98_OD_NET,t98_net_tmnt_pcnt_distr_d_st0300,2020-10-21 05:37:24,2020-10-21 05:41:39,0:04:15
WF_LX_ACC_T98_OD_NET,t98_net_rmnt_pcnt_distr_d_st0300,2020-10-21 05:37:30,2020-10-21 05:41:17,0:03:47
WF_LX_ACC_T98_OD_NET,t98_en_average_d_st0300,2020-10-21 05:32:49,2020-10-21 05:37:44,0:04:55
WF_LX_ACC_T98_OD_NET,trigger_next_workflow,2020-10-21 05:43:18,2020-10-21 05:43:18,0:00:00
WF_LX_ACC_T98_OD_NET,t98_net_rkm_pcnt_distr_st0300,2020-10-21 05:32:58,2020-10-21 05:37:22,0:04:24
WF_LX_ACC_T98_OD_NET,t98_net_rscnt_pcnt_distr_d_st0300,2020-10-21 05:37:25,2020-10-21 05:41:12,0:03:47
WF_LX_ACC_T98_OD_NET,t98_net_detail0300,2020-10-21 05:30:36,2020-10-21 05:32:48,0:02:12
WF_LX_ACC_T98_OD_NET,t98_net_average_period_st0300,2020-10-21 05:32:48,2020-10-21 05:39:22,0:06:34
WF_LX_ACC_T98_OD_NET,t98_en_rkm_pcnt_distr_d_st0300,2020-10-21 05:32:52,2020-10-21 05:37:28,0:04:36
WF_LX_ACC_T98_OD_NET,t98_en_rmnt_pcnt_distr_d_st0300,2020-10-21 05:32:54,2020-10-21 05:38:04,0:05:10
WF_LX_ACC_T98_OD_NET,t98_en_rscnt_pcnt_distr_d_st0300,2020-10-21 05:32:55,2020-10-21 05:36:55,0:04:00
WF_LX_ACC_T98_OD_NET,t98_en_rscnt_pcnt_distr_st0300,2020-10-21 05:32:56,2020-10-21 05:35:54,0:02:58
WF_LX_ACC_T98_SECT_FCRATE,,2020-10-21 05:21:34,2020-10-21 05:30:49,0:09:15
WF_LX_ACC_T98_SECT_FCRATE,t98_dec_sect_fcrate_period_st0300,2020-10-21 05:27:14,2020-10-21 05:30:46,0:03:32
WF_LX_ACC_T98_SECT_FCRATE,trigger_next_workflow,2020-10-21 05:30:46,2020-10-21 05:30:47,0:00:01
WF_LX_ACC_T98_SECT_FCRATE,t98_sect_fcrate_period_st0300,2020-10-21 05:21:34,2020-10-21 05:27:14,0:05:40
WF_LX_ACC_T98_IMBALANCE,,2020-10-21 05:30:47,2020-10-21 05:46:32,0:15:45
WF_LX_ACC_T98_IMBALANCE,t98_time_imbalance_coef_new_st0300,2020-10-21 05:42:47,2020-10-21 05:46:21,0:03:34
WF_LX_ACC_T98_IMBALANCE,t98_time_imbalance_coef_st0300,2020-10-21 05:31:57,2020-10-21 05:42:47,0:10:50
WF_LX_ACC_T98_IMBALANCE,t98_imbalance_coef_dtl0300,2020-10-21 05:30:47,2020-10-21 05:31:55,0:01:08
WF_LX_ACC_T98_IMBALANCE,trigger_next_workflow,2020-10-21 05:46:21,2020-10-21 05:46:22,0:00:01
WF_LX_ACC_T98_IMBALANCE,t98_bosom_imbalance_coef_new_st0300,2020-10-21 05:42:46,2020-10-21 05:45:31,0:02:45
WF_LX_ACC_T98_IMBALANCE,t98_bosom_imbalance_coef_st0300,2020-10-21 05:31:55,2020-10-21 05:42:46,0:10:51
WF_LX_ACC_T98_IMBALANCE,t98_drct_imbalance_coef_new_st0300,2020-10-21 05:39:45,2020-10-21 05:43:50,0:04:05
WF_LX_ACC_T98_IMBALANCE,t98_drct_imbalance_coef_st0300,2020-10-21 05:31:56,2020-10-21 05:39:45,0:07:49
WF_LX_ACC_T98_OD_TRANSFER,,2020-10-21 05:30:36,2020-10-21 05:48:22,0:17:46
WF_LX_ACC_T98_OD_TRANSFER,t98_line_average_period_st0300,2020-10-21 05:44:50,2020-10-21 05:47:20,0:02:30
WF_LX_ACC_T98_OD_TRANSFER,t98_avg_full_carry_rt_date_st0300,2020-10-21 05:34:54,2020-10-21 05:45:19,0:10:25
WF_LX_ACC_T98_OD_TRANSFER,trigger_next_workflow,2020-10-21 05:48:11,2020-10-21 05:48:12,0:00:01
WF_LX_ACC_T98_OD_TRANSFER,t98_pasgr_qtty_period_st0300,2020-10-21 05:43:20,2020-10-21 05:44:50,0:01:30
WF_LX_ACC_T98_OD_TRANSFER,t98_pasgr_qtty_date_st0300,2020-10-21 05:32:50,2020-10-21 05:34:54,0:02:04
WF_LX_ACC_T98_OD_TRANSFER,t98_tran_qtty_period_st0300,2020-10-21 05:38:37,2020-10-21 05:43:19,0:04:42
WF_LX_ACC_T98_OD_TRANSFER,t98_stat_term_qtty_period_st0300,2020-10-21 05:43:19,2020-10-21 05:46:10,0:02:51
WF_LX_ACC_T98_OD_TRANSFER,t98_line_average_d_st0300,2020-10-21 05:47:20,2020-10-21 05:48:11,0:00:51
WF_LX_ACC_T98_OD_TRANSFER,t98_stat_term_qtty_date_st0300,2020-10-21 05:32:51,2020-10-21 05:38:37,0:05:46
WF_LX_ACC_T98_OD_TRANSFER,t98_tran_qtty_date_st0300,2020-10-21 05:30:36,2020-10-21 05:32:50,0:02:14
WF_LX_ACC_T98_OD_NET_E,,2020-10-21 05:48:45,2020-10-21 06:03:20,0:14:35
WF_LX_ACC_T98_OD_NET_E,t98_net_detail_e0300,2020-10-21 05:48:45,2020-10-21 05:54:26,0:05:41
WF_LX_ACC_T98_OD_NET_E,t98_net_average_period_st_e0300,2020-10-21 05:54:26,2020-10-21 06:01:53,0:07:27
WF_LX_ACC_T98_OD_NET_E,t98_en_average_d_st_e0300,2020-10-21 05:54:27,2020-10-21 05:58:35,0:04:08
WF_LX_ACC_T98_OD_NET_E,t98_en_rkm_pcnt_distr_d_st_e0300,2020-10-21 05:54:29,2020-10-21 05:58:31,0:04:02
WF_LX_ACC_T98_OD_NET_E,t98_net_rmnt_pcnt_distr_st_e0300,2020-10-21 05:54:38,2020-10-21 05:59:01,0:04:23
WF_LX_ACC_T98_OD_NET_E,t98_net_average_d_st_e0300,2020-10-21 06:01:53,2020-10-21 06:03:15,0:01:22
WF_LX_ACC_T98_OD_NET_E,t98_en_average_period_st_e0300,2020-10-21 05:54:28,2020-10-21 05:56:44,0:02:16
WF_LX_ACC_T98_OD_NET_E,t98_net_tmnt_pcnt_distr_st_e0300,2020-10-21 05:54:35,2020-10-21 05:59:10,0:04:35
WF_LX_ACC_T98_OD_NET_E,t98_net_tmnt_pcnt_distr_d_st_e0300,2020-10-21 05:59:10,2020-10-21 06:01:42,0:02:32
WF_LX_ACC_T98_OD_NET_E,t98_en_rkm_pcnt_distr_st_e0300,2020-10-21 05:54:31,2020-10-21 05:57:33,0:03:02
WF_LX_ACC_T98_OD_NET_E,t98_en_rmnt_pcnt_distr_st_e0300,2020-10-21 05:54:32,2020-10-21 05:58:58,0:04:26
WF_LX_ACC_T98_OD_NET_E,t98_en_rscnt_pcnt_distr_d_st_e0300,2020-10-21 05:54:34,2020-10-21 05:59:21,0:04:47
WF_LX_ACC_T98_OD_NET_E,t98_net_rscnt_pcnt_distr_st_e0300,2020-10-21 05:54:36,2020-10-21 05:59:05,0:04:29
WF_LX_ACC_T98_OD_NET_E,t98_net_rkm_pcnt_distr_st_e0300,2020-10-21 05:54:37,2020-10-21 05:59:23,0:04:46
WF_LX_ACC_T98_OD_NET_E,t98_net_rscnt_pcnt_distr_d_st_e0300,2020-10-21 05:59:05,2020-10-21 06:01:33,0:02:28
WF_LX_ACC_T98_OD_NET_E,t98_en_rmnt_pcnt_distr_d_st_e0300,2020-10-21 05:54:30,2020-10-21 05:59:25,0:04:55
WF_LX_ACC_T98_OD_NET_E,t98_en_rscnt_pcnt_distr_st_e0300,2020-10-21 05:54:33,2020-10-21 05:57:48,0:03:15
WF_LX_ACC_T98_OD_NET_E,t98_net_rkm_pcnt_distr_d_st_e0300,2020-10-21 05:59:23,2020-10-21 06:01:31,0:02:08
WF_LX_ACC_T98_OD_NET_E,t98_net_rmnt_pcnt_distr_d_st_e0300,2020-10-21 05:59:01,2020-10-21 06:01:29,0:02:28
WF_LX_ACC_T98_FINANCE,,2020-10-19 10:55:49,2020-10-19 11:06:13,0:10:24
WF_LX_ACC_T98_FINANCE,t98_line_cfee_pcnt_distr_d_st0300,2020-10-19 10:59:24,2020-10-19 11:00:30,0:01:06
WF_LX_ACC_T98_FINANCE,t98_line_pcnt_income_date_st0300,2020-10-19 10:59:42,2020-10-19 11:02:44,0:03:02
WF_LX_ACC_T98_FINANCE,t98_line_pcnt_income_date_st_rec0300,2020-10-19 11:02:44,2020-10-19 11:04:25,0:01:41
WF_LX_ACC_T98_FINANCE,t98_stn_line_average_fee_d_st0300,2020-10-19 11:03:20,2020-10-19 11:04:51,0:01:31
WF_LX_ACC_T98_FINANCE,trigger_next_workflow,2020-10-19 11:06:03,2020-10-19 11:06:04,0:00:01
WF_LX_ACC_T98_FINANCE,t98_line_amt0300,2020-10-19 10:55:49,2020-10-19 10:58:22,0:02:33
WF_LX_ACC_T98_FINANCE,t98_line_clr_fee_pcnt_distr_st0300,2020-10-19 10:58:22,2020-10-19 10:59:24,0:01:02
WF_LX_ACC_T98_FINANCE,t98_line_pcnt_income_period_st0300,2020-10-19 10:58:23,2020-10-19 10:59:42,0:01:19
WF_LX_ACC_T98_FINANCE,t98_net_pcnt_income_st0300,2020-10-19 11:04:25,2020-10-19 11:05:02,0:00:37
WF_LX_ACC_T98_FINANCE,t98_net_pcnt_income_st_rec0300,2020-10-19 11:02:45,2020-10-19 11:03:20,0:00:35
WF_LX_ACC_T98_FINANCE,t98_stn_line_fee_distr_d_st0300,2020-10-19 11:04:51,2020-10-19 11:06:03,0:01:12
WF_LX_ACC_T98_FINANCE_E,,2020-10-19 11:06:04,2020-10-19 11:15:32,0:09:28
WF_LX_ACC_T98_FINANCE_E,t98_line_clr_fee_pcnt_distr_st_e0300,2020-10-19 11:08:38,2020-10-19 11:09:32,0:00:54
WF_LX_ACC_T98_FINANCE_E,t98_line_cfee_pcnt_distr_d_st_e0300,2020-10-19 11:09:32,2020-10-19 11:11:50,0:02:18
WF_LX_ACC_T98_FINANCE_E,t98_line_pcnt_income_period_st_e0300,2020-10-19 11:08:39,2020-10-19 11:10:02,0:01:23
WF_LX_ACC_T98_FINANCE_E,t98_line_pcnt_income_date_st_e0300,2020-10-19 11:10:02,2020-10-19 11:12:09,0:02:07
WF_LX_ACC_T98_FINANCE_E,t98_net_pcnt_income_st_e0300,2020-10-19 11:12:09,2020-10-19 11:12:37,0:00:28
WF_LX_ACC_T98_FINANCE_E,t98_stn_line_average_fee_d_st_e0300,2020-10-19 11:12:40,2020-10-19 11:14:03,0:01:23
WF_LX_ACC_T98_FINANCE_E,t98_stn_line_fee_distr_d_st_e0300,2020-10-19 11:14:03,2020-10-19 11:15:30,0:01:27
WF_LX_ACC_T98_FINANCE_E,t98_line_amt_e0300,2020-10-19 11:06:04,2020-10-19 11:08:38,0:02:34
WF_LX_ACC_T98_TICKET,,2020-10-21 05:18:10,2020-10-21 05:18:51,0:00:41
WF_LX_ACC_T98_TICKET,t98_tkt_cyc_distr_d_st0300,2020-10-21 05:18:10,2020-10-21 05:18:51,0:00:41
WF_LX_ACC_T80_TRAIN,,2020-10-21 04:55:33,2020-10-21 05:01:11,0:05:38
WF_LX_ACC_T80_TRAIN,t80_train0200,2020-10-21 04:55:33,2020-10-21 04:57:04,0:01:31
WF_LX_ACC_T80_TRAIN,t80_train_modify0200,2020-10-21 04:57:04,2020-10-21 05:01:11,0:04:07
WF_LX_ACC_T98_PASGER_E,,2020-10-21 05:48:43,2020-10-21 05:54:13,0:05:30
WF_LX_ACC_T98_PASGER_E,t98_dec_pasgr_period_st_e0300,2020-10-21 05:48:43,2020-10-21 05:54:13,0:05:30
WF_LX_ACC_T98_OD_ENTRY_E,,2020-10-21 05:48:44,2020-10-21 06:09:27,0:20:43
WF_LX_ACC_T98_OD_ENTRY_E,t98_od_pasgr_entry_date_st_e0300,2020-10-21 06:00:28,2020-10-21 06:09:27,0:08:59
WF_LX_ACC_T98_OD_ENTRY_E,t98_od_pasgr_entry_period_st_e0300,2020-10-21 05:48:44,2020-10-21 06:00:28,0:11:44
WF_LX_ACC_T98_OD_EXIT_E,,2020-10-21 05:48:44,2020-10-21 06:09:39,0:20:55
WF_LX_ACC_T98_OD_EXIT_E,t98_od_pasgr_exit_date_st_e0300,2020-10-21 05:48:44,2020-10-21 06:01:37,0:12:53
WF_LX_ACC_T98_OD_EXIT_E,t98_od_pasgr_exit_period_st_e0300,2020-10-21 06:01:37,2020-10-21 06:09:39,0:08:02
WF_LX_TCC_DEVICE,,2020-10-20 13:00:03,2020-10-20 13:47:34,0:47:31
WF_LX_TCC_DEVICE,t30_config_point_para_his0200,2020-10-20 13:21:00,2020-10-20 13:22:18,0:01:18
WF_LX_TCC_DEVICE,t30_config_point_status_his0200,2020-10-20 13:22:19,2020-10-20 13:25:04,0:02:45
WF_LX_TCC_DEVICE,t30_config_point_alarm_val_his0200,2020-10-20 13:25:05,2020-10-20 13:26:17,0:01:12
WF_LX_TCC_DEVICE,t30_config_point_rela_his_entity0200,2020-10-20 13:46:08,2020-10-20 13:47:34,0:01:26
WF_LX_TCC_DEVICE,t30_config_point0200,2020-10-20 13:00:04,2020-10-20 13:00:58,0:00:54
WF_LX_TCC_DEVICE,t98_device_alarm_stat_rpt0300,2020-10-20 13:01:36,2020-10-20 13:02:15,0:00:39
WF_LX_TCC_DEVICE,t30_config_point_para_val_his0200,2020-10-20 13:26:18,2020-10-20 13:36:18,0:10:00
WF_LX_TCC_DEVICE,t30_config_point_para_val_his_t0200,2020-10-20 13:36:19,2020-10-20 13:39:12,0:02:53
WF_LX_TCC_DEVICE,t30_config_point_para_val_his0202,2020-10-20 13:39:13,2020-10-20 13:44:29,0:05:16
WF_LX_TCC_DEVICE,t30_config_point_rela_his_dc_obj_map0200,2020-10-20 13:44:31,2020-10-20 13:46:07,0:01:36
WF_LX_TCC_DEVICE,t30_config_point_alarm0200,2020-10-20 13:00:59,2020-10-20 13:01:35,0:00:36
WF_LX_TCC_DEVICE,t30_cfg_pnt_mntr_rslt_rec0200,2020-10-20 13:02:17,2020-10-20 13:20:59,0:18:42
WF_LX_ACC_T98_OD_LINE_E,,2020-10-21 05:48:45,2020-10-21 06:18:04,0:29:19
WF_LX_ACC_T98_OD_LINE_E,t98_line_rmnt_pcnt_distr_d_st_e0300,2020-10-21 06:06:06,2020-10-21 06:07:30,0:01:24
WF_LX_ACC_T98_OD_LINE_E,t98_pass_ownline_pq_period_st_e0300,2020-10-21 06:15:58,2020-10-21 06:16:56,0:00:58
WF_LX_ACC_T98_OD_LINE_E,t98_line_rscnt_pcnt_distr_st_e0300,2020-10-21 06:03:22,2020-10-21 06:05:53,0:02:31
WF_LX_ACC_T98_OD_LINE_E,t98_line_rkm_pcnt_distr_d_st_e0300,2020-10-21 06:06:07,2020-10-21 06:07:57,0:01:50
WF_LX_ACC_T98_OD_LINE_E,t98_line_trancnt_pq_date_st_e0300,2020-10-21 06:09:43,2020-10-21 06:11:07,0:01:24
WF_LX_ACC_T98_OD_LINE_E,t98_ownline_enex_pq_period_st_e0300,2020-10-21 06:14:29,2020-10-21 06:15:06,0:00:37
WF_LX_ACC_T98_OD_LINE_E,t98_pass_ownline_pq_date_st_e0300,2020-10-21 06:16:56,2020-10-21 06:18:04,0:01:08
WF_LX_ACC_T98_OD_LINE_E,t98_line_detail_e0300,2020-10-21 05:48:45,2020-10-21 06:03:20,0:14:35
WF_LX_ACC_T98_OD_LINE_E,t98_line_rkm_pcnt_distr_st_e0300,2020-10-21 06:03:20,2020-10-21 06:06:07,0:02:47
WF_LX_ACC_T98_OD_LINE_E,t98_ownen_othex_pq_period_st_e0300,2020-10-21 06:11:07,2020-10-21 06:12:59,0:01:52
WF_LX_ACC_T98_OD_LINE_E,t98_ownen_othex_pq_date_st_e0300,2020-10-21 06:12:59,2020-10-21 06:14:29,0:01:30
WF_LX_ACC_T98_OD_LINE_E,t98_ownline_enex_pq_date_st_e0300,2020-10-21 06:15:06,2020-10-21 06:15:58,0:00:52
WF_LX_ACC_T98_OD_LINE_E,t98_line_rscnt_pcnt_distr_d_st_e0300,2020-10-21 06:05:53,2020-10-21 06:07:58,0:02:05
WF_LX_ACC_T98_OD_LINE_E,t98_line_trancnt_pq_period_st_e0300,2020-10-21 06:08:01,2020-10-21 06:09:43,0:01:42
WF_LX_ACC_T98_OD_LINE_E,t98_line_rmnt_pcnt_distr_st_e0300,2020-10-21 06:03:21,2020-10-21 06:06:06,0:02:45
WF_LX_ACC_T98_SECT_FCRATE_E,,2020-10-21 05:48:46,2020-10-21 06:01:12,0:12:26
WF_LX_ACC_T98_SECT_FCRATE_E,t98_sect_fcrate_period_st_e0300,2020-10-21 05:48:46,2020-10-21 05:58:51,0:10:05
WF_LX_ACC_T98_SECT_FCRATE_E,t98_dec_sect_fcrate_period_st_e0300,2020-10-21 05:58:51,2020-10-21 06:01:10,0:02:19
WF_LX_ACC_T98_SECT_FCRATE_E,trigger_next_workflow,2020-10-21 06:01:10,2020-10-21 06:01:11,0:00:01
WF_LX_ACC_T98_IMBALANCE_E,,2020-10-21 06:01:11,2020-10-21 06:07:34,0:06:23
WF_LX_ACC_T98_IMBALANCE_E,t98_drct_imbalance_coef_new_st_e0300,2020-10-21 06:03:06,2020-10-21 06:05:47,0:02:41
WF_LX_ACC_T98_IMBALANCE_E,t98_bosom_imbalance_coef_new_st_e0300,2020-10-21 06:03:07,2020-10-21 06:06:09,0:03:02
WF_LX_ACC_T98_IMBALANCE_E,t98_imbalance_coef_dtl_e0300,2020-10-21 06:01:11,2020-10-21 06:03:06,0:01:55
WF_LX_ACC_T98_IMBALANCE_E,t98_time_imbalance_coef_new_st_e0300,2020-10-21 06:03:08,2020-10-21 06:07:31,0:04:23
WF_LX_JTW_PASGER_B01001,,2020-10-20 12:15:31,2020-10-20 12:16:28,0:00:57
WF_LX_JTW_PASGER_B01001,t73_bus_onoff_period_st0200,2020-10-20 12:15:31,2020-10-20 12:16:27,0:00:56
WF_LX_JTW_PASGER_B01001,trigger_next_workflow,2020-10-20 12:16:27,2020-10-20 12:16:28,0:00:01
WF_LX_TCC_EE,,2020-10-20 14:00:12,2020-10-20 14:26:10,0:25:58
WF_LX_TCC_EE,ta0_ee_instance_step_his0200,2020-10-20 14:21:33,2020-10-20 14:22:55,0:01:22
WF_LX_TCC_EE,ta0_ee_inst_scene_attr_his0200,2020-10-20 14:22:56,2020-10-20 14:23:55,0:00:59
WF_LX_TCC_EE,ta0_pub_event_infl_line_his0200,2020-10-20 14:25:27,2020-10-20 14:26:10,0:00:43
WF_LX_TCC_EE,ta0_ee_instance_point_his0200,2020-10-20 14:15:29,2020-10-20 14:21:32,0:06:03
WF_LX_TCC_EE,ta0_ee_ins_unstruc_data_his0200,2020-10-20 14:23:56,2020-10-20 14:25:16,0:01:20
WF_LX_TCC_EE,ta0_pub_event_info0200,2020-10-20 14:25:17,2020-10-20 14:25:26,0:00:09
WF_LX_TCC_EE,ta0_ee_instance_action_his0200,2020-10-20 14:00:13,2020-10-20 14:04:40,0:04:27
WF_LX_TCC_EE,ta0_ee_instance_plan_his0200,2020-10-20 14:04:41,2020-10-20 14:12:37,0:07:56
WF_LX_TCC_EE,ta0_ee_instance_his0200,2020-10-20 14:12:38,2020-10-20 14:15:28,0:02:50
WF_LX_JTW_PASGER_B01002,,2020-10-20 12:16:01,2020-10-20 12:16:39,0:00:38
WF_LX_JTW_PASGER_B01002,trigger_next_workflow,2020-10-20 12:16:38,2020-10-20 12:16:39,0:00:01
WF_LX_JTW_PASGER_B01002,t73_bus_connect_period_st0200,2020-10-20 12:16:01,2020-10-20 12:16:38,0:00:37
WF_LX_JTW_PASGER_B01003,,2020-10-20 12:17:49,2020-10-20 12:18:17,0:00:28
WF_LX_JTW_PASGER_B01003,t73_railway_pasgr_date_st0200,2020-10-20 12:17:49,2020-10-20 12:18:16,0:00:27
WF_LX_JTW_PASGER_B01003,trigger_next_workflow,2020-10-20 12:18:16,2020-10-20 12:18:17,0:00:01
WF_LX_JTW_PASGER_B01004,,2020-10-20 12:18:17,2020-10-20 12:18:28,0:00:11
WF_LX_JTW_PASGER_B01004,t73_aiport_pagsr_period_st0200,2020-10-20 12:18:17,2020-10-20 12:18:27,0:00:10
WF_LX_JTW_PASGER_B01004,trigger_next_workflow,2020-10-20 12:18:27,2020-10-20 12:18:28,0:00:01
WF_LX_JTW_PASGER_B01005,,2020-10-20 12:18:27,2020-10-20 12:18:51,0:00:24
WF_LX_JTW_PASGER_B01005,t73_travel_link_weight_date_st0200,2020-10-20 12:18:28,2020-10-20 12:18:50,0:00:22
WF_LX_JTW_PASGER_B01005,trigger_next_workflow,2020-10-20 12:18:50,2020-10-20 12:18:51,0:00:01
WF_LX_JTW_PASGER_B01006,,2020-10-20 15:04:28,2020-10-20 15:05:22,0:00:54
WF_LX_JTW_PASGER_B01006,t73_travel_link_route0200,2020-10-20 15:04:28,2020-10-20 15:05:21,0:00:53
WF_LX_JTW_PASGER_B01006,trigger_next_workflow,2020-10-20 15:05:21,2020-10-20 15:05:22,0:00:01
WF_LX_ITSM_DEVICE,,,,工作流尚未执行
WF_LX_ITSM_DEVICE,暂无,,,
WF_LX_TCC_OPER,,2020-10-20 14:30:40,2020-10-20 15:54:07,1:23:27
WF_LX_TCC_OPER,t97_tr_stage_target_his0200,2020-10-20 15:16:40,2020-10-20 15:19:33,0:02:53
WF_LX_TCC_OPER,t97_tr_train_daily_stat_his0200,2020-10-20 15:19:34,2020-10-20 15:21:22,0:01:48
WF_LX_TCC_OPER,t97_tr_error_cate_2_cd_his0200,2020-10-20 14:31:18,2020-10-20 14:31:51,0:00:33
WF_LX_TCC_OPER,t97_tr_note_his0200,2020-10-20 14:59:18,2020-10-20 15:00:15,0:00:57
WF_LX_TCC_OPER,t97_tr_oper_sum_his0200,2020-10-20 15:00:16,2020-10-20 15:01:39,0:01:23
WF_LX_TCC_OPER,t97_tr_trn_error_his0200,2020-10-20 15:21:23,2020-10-20 15:36:41,0:15:18
WF_LX_TCC_OPER,t97_tr_error_stage_stat_his0200,2020-10-20 15:48:52,2020-10-20 15:54:07,0:05:15
WF_LX_TCC_OPER,t97_tr_error_detail_his0200,2020-10-20 14:31:52,2020-10-20 14:32:23,0:00:31
WF_LX_TCC_OPER,t97_tr_line_cd_his0200,2020-10-20 14:58:18,2020-10-20 14:59:17,0:00:59
WF_LX_TCC_OPER,t97_tr_opr_cd_his0200,2020-10-20 15:01:40,2020-10-20 15:02:42,0:01:02
WF_LX_TCC_OPER,t97_tr_stage_stat_his0200,2020-10-20 15:02:43,2020-10-20 15:16:39,0:13:56
WF_LX_TCC_OPER,t97_tr_work_planning_his0200,2020-10-20 15:36:42,2020-10-20 15:48:51,0:12:09
WF_LX_TCC_OPER,t97_tr_error_type_cd_his0200,2020-10-20 14:53:47,2020-10-20 14:54:41,0:00:54
WF_LX_TCC_OPER,t97_tr_inte_error_type_cd_his0200,2020-10-20 14:54:42,2020-10-20 14:56:15,0:01:33
WF_LX_TCC_OPER,t97_tr_late_stat_his0200,2020-10-20 14:56:16,2020-10-20 14:58:17,0:02:01
WF_LX_TCC_OPER,t97_tr_error_cate_1_cd_his0200,2020-10-20 14:30:41,2020-10-20 14:31:17,0:00:36
WF_LX_TCC_OPER,t97_tr_error_stat_his0200,2020-10-20 14:32:24,2020-10-20 14:53:46,0:21:22
WF_LX_ENG_DAY_E01001,,2020-10-21 01:40:22,2020-10-21 01:42:21,0:01:59
WF_LX_ENG_DAY_E01001,t72_engcspt_date_st0200,2020-10-21 01:40:23,2020-10-21 01:42:20,0:01:57
WF_LX_ENG_DAY_E01001,trigger_next_workflow,2020-10-21 01:42:20,2020-10-21 01:42:21,0:00:01
WF_LX_ENG_MONTH_E01002,,2020-10-13 11:03:52,2020-10-13 11:04:14,0:00:22
WF_LX_ENG_MONTH_E01002,trigger_next_workflow,2020-10-13 11:04:13,2020-10-13 11:04:14,0:00:01
WF_LX_ENG_MONTH_E01002,t72_engcspt_mon_st0200,2020-10-13 11:03:53,2020-10-13 11:04:12,0:00:19
WF_LX_ACC_T50_TICKET,,2020-10-21 04:42:34,2020-10-21 05:04:36,0:22:02
WF_LX_ACC_T50_TICKET,t98_fam_take_tkt_date_st0300,2020-10-21 04:59:55,2020-10-21 05:01:17,0:01:22
WF_LX_ACC_T50_TICKET,t50_matn_tx0200,2020-10-21 05:04:06,2020-10-21 05:04:36,0:00:30
WF_LX_ACC_T50_TICKET,t50_fin_tx0200,2020-10-21 04:42:34,2020-10-21 04:43:21,0:00:47
WF_LX_ACC_T50_TICKET,t98_tkt_sell_d_stat0300,2020-10-21 04:59:56,2020-10-21 05:02:06,0:02:10
WF_LX_ACC_T50_TICKET,t98_fam_take_tkt_period_st0300,2020-10-21 04:59:54,2020-10-21 05:00:49,0:00:55
WF_LX_ACC_T50_TICKET,t98_tkt_sell_mach_fif_use_st0300,2020-10-21 04:59:57,2020-10-21 05:03:07,0:03:10
WF_LX_ACC_T50_TICKET,t98_tkt_sella_d_st0300,2020-10-21 04:59:58,2020-10-21 05:03:48,0:03:50
WF_LX_ACC_T50_TICKET,Block,2020-10-21 04:59:56,2020-10-21 04:59:56,0:00:00
WF_LX_ACC_T50_TICKET,t98_tkt_sell_addv_d_st0300,2020-10-21 04:59:59,2020-10-21 05:03:37,0:03:38
WF_LX_ACC_T50_TICKET,t50_inventory_tx0200,2020-10-21 05:03:55,2020-10-21 05:03:58,0:00:03
WF_LX_ACC_T50_TICKET,t50_ticket0200,2020-10-21 04:43:22,2020-10-21 04:48:21,0:04:59
WF_LX_ACC_T50_TICKET,t50_transaction0200,2020-10-21 04:48:21,2020-10-21 04:59:54,0:11:33
WF_LX_ACC_T80_CLR_FINANCE,,2020-10-21 04:51:55,2020-10-21 04:59:27,0:07:32
WF_LX_ACC_T80_CLR_FINANCE,t80_clr_line_modify0200,2020-10-21 04:51:55,2020-10-21 04:59:26,0:07:31
WF_LX_ACC_T80_CLR_FINANCE,trigger_next_workflow,2020-10-21 04:59:26,2020-10-21 04:59:27,0:00:01
WF_JX_TCC_TRAIN_SCHEDULE,,,,工作流尚未执行
WF_JX_TCC_TRAIN_SCHEDULE,暂无,,,
WF_JX_ACC_CMS,,2020-10-20 18:02:22,2020-10-20 18:02:22,0:00:00
WF_JX_ACC_CMS,t98_near_tran_qtty_period_st0300,,,
WF_JX_ACC_CMS,pi_exit_s_linedesc_acccode0200,,,
WF_JX_ACC_CMS,t80_near_od_transfer0200,,,
WF_JX_ACC_CMS,t80_near_od_line_modify0200,,,
WF_JX_ACC_CMS,t80_near_passenger_flow0200,,,
WF_JX_ACC_CMS,t80_near_passenger_flow_modify0200,,,
WF_JX_ACC_CMS,t98_near_od_route_dd0300,,,
WF_JX_ACC_CMS,t98_near_sect_fcrate_period_st0300,,,
WF_JX_ACC_CMS,t80_near_od_line0200,,,
WF_JX_ACC_CMS,t80_near_od_route0200,,,
WF_JX_ACC_CMS,t80_near_od_route_modify0200,,,
WF_JX_ACC_CMS,t80_near_od_transfer_modify0200,,,
WF_LX_TCC_TRAIN_SCHEDULE,,2020-10-21 03:30:38,2020-10-21 03:42:29,0:11:51
WF_LX_TCC_TRAIN_SCHEDULE,t40_line_run_map_using0200,2020-10-21 03:41:30,2020-10-21 03:42:12,0:00:42
WF_LX_TCC_TRAIN_SCHEDULE,t40_stat_std_train_sch_real0200,2020-10-21 03:33:54,2020-10-21 03:35:13,0:01:19
WF_LX_TCC_TRAIN_SCHEDULE,Block,2020-10-21 03:35:15,2020-10-21 03:35:15,0:00:00
WF_LX_TCC_TRAIN_SCHEDULE,ta0_sys_monitor0200,2020-10-21 03:35:16,2020-10-21 03:39:10,0:03:54
WF_LX_TCC_TRAIN_SCHEDULE,t98_traindelay_h_st_sch0300,2020-10-21 03:38:37,2020-10-21 03:40:45,0:02:08
WF_LX_TCC_TRAIN_SCHEDULE,t40_revised_train_sch_plan0200,2020-10-21 03:30:39,2020-10-21 03:31:11,0:00:32
WF_LX_TCC_TRAIN_SCHEDULE,t40_stat_std_train_sch_plan0200,2020-10-21 03:31:12,2020-10-21 03:33:27,0:02:15
WF_LX_TCC_TRAIN_SCHEDULE,t98_train_opr_d_st_sch0300,2020-10-21 03:41:06,2020-10-21 03:41:36,0:00:30
WF_LX_TCC_TRAIN_SCHEDULE,trigger_next_workflow,2020-10-21 03:42:13,2020-10-21 03:42:13,0:00:00
WF_LX_TCC_TRAIN_SCHEDULE,t98_train_opr_h_st_sch0300,2020-10-21 03:35:16,2020-10-21 03:41:05,0:05:49
WF_LX_TCC_TRAIN_SCHEDULE,t98_traindelay_inf_sch0300,2020-10-21 03:35:17,2020-10-21 03:38:36,0:03:19
WF_LX_TCC_TRAIN_SCHEDULE,t40_revised_train_sch_real0200,2020-10-21 03:33:28,2020-10-21 03:33:53,0:00:25
WF_LX_TCC_TRAIN_SCHEDULE,t98_traindelay_d_st_sch0300,2020-10-21 03:40:46,2020-10-21 03:41:29,0:00:43
WF_LX_ACC_T70_OD,,2020-10-21 04:51:55,2020-10-21 04:57:42,0:05:47
WF_LX_ACC_T70_OD,t70_od_cms0200,2020-10-21 04:51:56,2020-10-21 04:53:55,0:01:59
WF_LX_ACC_T70_OD,t70_od0200,2020-10-21 04:53:55,2020-10-21 04:57:40,0:03:45
WF_LX_ACC_T70_OD,trigger_next_workflow,2020-10-21 04:57:40,2020-10-21 04:57:41,0:00:01
CACC_WF_LX_BASIC_01,,2020-10-19 13:30:03,2020-10-19 13:30:29,0:00:26
CACC_WF_LX_BASIC_01,t97_cacc_od_feature_dd_status_st,2020-10-19 13:30:19,2020-10-19 13:30:25,0:00:06
CACC_WF_LX_BASIC_01,trigger_next_workflow,2020-10-19 13:30:26,2020-10-19 13:30:28,0:00:02
CACC_WF_LX_BASIC_01,t97_cacc_od_feature_dd_wide_st,2020-10-19 13:30:04,2020-10-19 13:30:18,0:00:14
CACC_WF_LX_COMMUTER,,2020-10-19 15:27:09,2020-10-19 15:33:53,0:06:44
CACC_WF_LX_COMMUTER,T97_cacc_commuting_ads_cnt,2020-10-19 15:32:16,2020-10-19 15:33:19,0:01:03
CACC_WF_LX_COMMUTER,t97_cacc_temp_ads,2020-10-19 15:33:19,2020-10-19 15:33:44,0:00:25
CACC_WF_LX_COMMUTER,trigger_next_workflow,2020-10-19 15:33:44,2020-10-19 15:33:44,0:00:00
CACC_WF_LX_COMMUTER,t97_cacc_u7_1_ads,2020-10-19 15:27:09,2020-10-19 15:28:45,0:01:36
CACC_WF_LX_COMMUTER,t97_cacc_u1_1_ads,2020-10-19 15:28:45,2020-10-19 15:29:58,0:01:13
CACC_WF_LX_COMMUTER,t97_cacc_u6_1_ads,2020-10-19 15:29:58,2020-10-19 15:30:47,0:00:49
CACC_WF_LX_COMMUTER,t97_cacc_u5_1_ads,2020-10-19 15:30:47,2020-10-19 15:32:16,0:01:29
CACC_WF_LX_OD,,2020-10-19 15:27:09,2020-10-19 15:38:39,0:11:30
CACC_WF_LX_OD,t97_cacc_mainod_ads_tm,2020-10-19 15:30:47,2020-10-19 15:32:16,0:01:29
CACC_WF_LX_OD,t97_cacc_main_od_ads_d_st,2020-10-19 15:32:16,2020-10-19 15:33:18,0:01:02
CACC_WF_LX_OD,trigger_next_workflow,2020-10-19 15:38:32,2020-10-19 15:38:33,0:00:01
CACC_WF_LX_OD,t97_cacc_nig_od_ads,2020-10-19 15:33:18,2020-10-19 15:35:15,0:01:57
CACC_WF_LX_OD,t97_cacc_mor_od_ads,2020-10-19 15:35:15,2020-10-19 15:38:32,0:03:17
CACC_WF_LX_OD,t97_cacc_mainod_ads,2020-10-19 15:27:09,2020-10-19 15:28:44,0:01:35
CACC_WF_LX_OD,t97_cacc_main_olinename_ads_st,2020-10-19 15:28:45,2020-10-19 15:30:00,0:01:15
CACC_WF_LX_OD,t97_cacc_main_dlinename_ads_st,2020-10-19 15:30:00,2020-10-19 15:30:47,0:00:47
STN_WF_LX_BASIC,,,,工作流尚未执行
STN_WF_LX_BASIC,暂无,,,
STN_WF_LX_G_AVG,,2020-10-20 17:28:56,2020-10-20 18:01:36,0:32:40
STN_WF_LX_G_AVG,D_G_SECT_PASGR_ST_WMY0020,2020-10-20 17:28:58,2020-10-20 17:44:00,0:15:02
STN_WF_LX_G_AVG,set_STAT_CYCLE_Y,2020-10-20 17:49:58,2020-10-20 17:49:59,0:00:01
STN_WF_LX_G_AVG,set_parameter,2020-10-20 17:28:57,2020-10-20 17:28:57,0:00:00
STN_WF_LX_G_AVG,set_STAT_CYCLE_W,2020-10-20 17:28:58,2020-10-20 17:28:58,0:00:00
STN_WF_LX_G_AVG,D_G_PASGR_ST_TR_WMY0020,2020-10-20 17:40:01,2020-10-20 17:49:58,0:09:57
STN_WF_LX_G_AVG,D_G_PASGR_ST_EX_WMY0020,2020-10-20 17:49:58,2020-10-20 18:00:24,0:10:26
STN_WF_LX_G_AVG,D_G_PASGR_ST_EE_WMY0020,2020-10-20 17:49:59,2020-10-20 18:00:24,0:10:25
STN_WF_LX_G_AVG,D_G_TRAN_PASGR_ST_WMY0020,2020-10-20 17:48:11,2020-10-20 17:58:39,0:10:28
STN_WF_LX_G_AVG,set_STAT_CYCLE_M,2020-10-20 17:40:01,2020-10-20 17:40:01,0:00:00
STN_WF_LX_G_AVG,trigger_next_workflow,2020-10-20 18:00:52,2020-10-20 18:00:53,0:00:01
STN_WF_LX_G_AVG,D_G_PASGR_ST_EN_WMY0020,2020-10-20 17:29:01,2020-10-20 17:40:01,0:11:00
STN_WF_LX_OD_AVG_W,,2020-10-20 18:09:10,2020-10-20 18:41:06,0:31:56
STN_WF_LX_OD_AVG_W,D_G_SECT_PASGR_OD_ST_EX_A2_WMY0020,2020-10-20 18:10:34,2020-10-20 18:12:20,0:01:46
STN_WF_LX_OD_AVG_W,D_G_TRAN_PASGR_OD_ST_EN_A2_WMY0020,2020-10-20 18:15:19,2020-10-20 18:20:22,0:05:03
STN_WF_LX_OD_AVG_W,D_G_SECT_PASGR_OD_ST_EN_D1_WMY0020,2020-10-20 18:15:39,2020-10-20 18:18:31,0:02:52
STN_WF_LX_OD_AVG_W,D_G_SECT_PASGR_OD_ST_EN_D2_WMY0020,2020-10-20 18:18:31,2020-10-20 18:21:49,0:03:18
STN_WF_LX_OD_AVG_W,D_G_STATION_OD_ST_EX_P2_WMY0020,2020-10-20 18:20:09,2020-10-20 18:21:58,0:01:49
STN_WF_LX_OD_AVG_W,D_G_SECT_PASGR_OD_ST_EN_A1_WMY0020,2020-10-20 18:09:12,2020-10-20 18:12:20,0:03:08
STN_WF_LX_OD_AVG_W,D_G_SECT_PASGR_OD_ST_EN_P1_WMY0020,2020-10-20 18:21:49,2020-10-20 18:24:07,0:02:18
STN_WF_LX_OD_AVG_W,D_G_SECT_PASGR_OD_ST_EN_P2_WMY0020,2020-10-20 18:24:07,2020-10-20 18:26:13,0:02:06
STN_WF_LX_OD_AVG_W,D_G_SECT_PASGR_OD_ST_EX_D2_WMY0020,2020-10-20 18:13:30,2020-10-20 18:15:54,0:02:24
STN_WF_LX_OD_AVG_W,D_G_TRAN_PASGR_OD_ST_EN_D2_WMY0020,2020-10-20 18:25:18,2020-10-20 18:29:04,0:03:46
STN_WF_LX_OD_AVG_W,D_G_STATION_OD_ST_EN_D2_WMY0020,2020-10-20 18:16:10,2020-10-20 18:18:17,0:02:07
STN_WF_LX_OD_AVG_W,D_G_STATION_OD_ST_EX_P1_WMY0020,2020-10-20 18:18:17,2020-10-20 18:20:09,0:01:52
STN_WF_LX_OD_AVG_W,D_G_TRAN_PASGR_OD_ST_EX_P2_WMY0020,2020-10-20 18:33:27,2020-10-20 18:40:22,0:06:55
STN_WF_LX_OD_AVG_W,D_G_TRAN_PASGR_OD_ST_EN_P2_WMY0020,2020-10-20 18:33:28,2020-10-20 18:40:22,0:06:54
STN_WF_LX_OD_AVG_W,D_G_TRAN_PASGR_OD_ST_EX_D1_WMY0020,2020-10-20 18:19:34,2020-10-20 18:25:11,0:05:37
STN_WF_LX_OD_AVG_W,D_G_TRAN_PASGR_OD_ST_EX_A2_WMY0020,2020-10-20 18:14:35,2020-10-20 18:19:34,0:04:59
STN_WF_LX_OD_AVG_W,D_G_TRAN_PASGR_OD_ST_EX_D2_WMY0020,2020-10-20 18:25:11,2020-10-20 18:29:04,0:03:53
STN_WF_LX_OD_AVG_W,D_G_SECT_PASGR_OD_ST_EN_A2_WMY0020,2020-10-20 18:12:20,2020-10-20 18:15:39,0:03:19
STN_WF_LX_OD_AVG_W,D_G_SECT_PASGR_OD_ST_EX_D1_WMY0020,2020-10-20 18:12:20,2020-10-20 18:13:30,0:01:10
STN_WF_LX_OD_AVG_W,D_G_STATION_OD_ST_EN_A1_WMY0020,2020-10-20 18:09:10,2020-10-20 18:12:20,0:03:10
STN_WF_LX_OD_AVG_W,D_G_TRAN_PASGR_OD_ST_EN_D1_WMY0020,2020-10-20 18:20:22,2020-10-20 18:25:18,0:04:56
STN_WF_LX_OD_AVG_W,set_parameter,2020-10-20 18:09:10,2020-10-20 18:09:10,0:00:00
STN_WF_LX_OD_AVG_W,D_G_TRAN_PASGR_OD_ST_EX_A1_WMY0020,2020-10-20 18:09:15,2020-10-20 18:14:35,0:05:20
STN_WF_LX_OD_AVG_W,D_G_TRAN_PASGR_OD_ST_EX_P1_WMY0020,2020-10-20 18:29:04,2020-10-20 18:33:27,0:04:23
STN_WF_LX_OD_AVG_W,D_G_STATION_OD_ST_EX_D2_WMY0020,2020-10-20 18:16:10,2020-10-20 18:18:17,0:02:07
STN_WF_LX_OD_AVG_W,D_G_SECT_PASGR_OD_ST_EX_P2_WMY0020,2020-10-20 18:18:04,2020-10-20 18:18:44,0:00:40
STN_WF_LX_OD_AVG_W,set_STAT_CYCLE_W,2020-10-20 18:09:10,2020-10-20 18:09:10,0:00:00
STN_WF_LX_OD_AVG_W,D_G_STATION_OD_ST_EN_P1_WMY0020,2020-10-20 18:18:17,2020-10-20 18:20:09,0:01:52
STN_WF_LX_OD_AVG_W,D_G_STATION_OD_ST_EX_A1_WMY0020,2020-10-20 18:09:11,2020-10-20 18:12:43,0:03:32
STN_WF_LX_OD_AVG_W,D_G_STATION_OD_ST_EX_D1_WMY0020,2020-10-20 18:14:34,2020-10-20 18:16:10,0:01:36
STN_WF_LX_OD_AVG_W,D_G_SECT_PASGR_OD_ST_EX_A1_WMY0020,2020-10-20 18:09:13,2020-10-20 18:10:34,0:01:21
STN_WF_LX_OD_AVG_W,D_G_SECT_PASGR_OD_ST_EX_P1_WMY0020,2020-10-20 18:15:54,2020-10-20 18:18:04,0:02:10
STN_WF_LX_OD_AVG_W,D_G_TRAN_PASGR_OD_ST_EN_A1_WMY0020,2020-10-20 18:09:14,2020-10-20 18:15:19,0:06:05
STN_WF_LX_OD_AVG_W,D_G_TRAN_PASGR_OD_ST_EN_P1_WMY0020,2020-10-20 18:29:04,2020-10-20 18:33:27,0:04:23
STN_WF_LX_OD_AVG_W,D_G_STATION_OD_ST_EN_A2_WMY0020,2020-10-20 18:12:20,2020-10-20 18:14:34,0:02:14
STN_WF_LX_OD_AVG_W,D_G_STATION_OD_ST_EN_D1_WMY0020,2020-10-20 18:14:35,2020-10-20 18:16:10,0:01:35
STN_WF_LX_OD_AVG_W,D_G_STATION_OD_ST_EN_P2_WMY0020,2020-10-20 18:20:09,2020-10-20 18:21:58,0:01:49
STN_WF_LX_OD_AVG_W,D_G_STATION_OD_ST_EX_A2_WMY0020,2020-10-20 18:12:43,2020-10-20 18:14:34,0:01:51
test_year_week,,2020-10-14 15:49:34,2020-10-14 15:49:54,0:00:20
test_year_week,get_parameter,2020-10-14 15:49:38,2020-10-14 15:49:38,0:00:00
test_year_week,set_parameter,2020-10-14 15:49:36,2020-10-14 15:49:36,0:00:00
test_year_week,set_STAT_CYCLE_W,2020-10-14 15:49:37,2020-10-14 15:49:37,0:00:00
test_year_week,set_STAT_CYCLE_M,2020-10-14 15:49:39,2020-10-14 15:49:39,0:00:00
test_year_week,call_training_shell,2020-10-14 15:49:46,2020-10-14 15:49:46,0:00:00
test_year_week,set_STAT_CYCLE_Q,2020-10-14 15:49:41,2020-10-14 15:49:41,0:00:00
test_year_week,set_STAT_CYCLE_Y,2020-10-14 15:49:43,2020-10-14 15:49:43,0:00:00
WF_LX_TCC_DWM,,2020-10-20 15:00:48,2020-10-20 16:11:11,1:10:23
WF_LX_TCC_DWM,t97_securitycheck_sum0200,2020-10-20 16:03:41,2020-10-20 16:04:06,0:00:25
WF_LX_TCC_DWM,t97_tmp_flow_limit_his0200,2020-10-20 16:05:26,2020-10-20 16:09:17,0:03:51
WF_LX_TCC_DWM,ta0_event_addr0200,2020-10-20 15:02:22,2020-10-20 15:03:09,0:00:47
WF_LX_TCC_DWM,t98_train_error_d_st0300,2020-10-20 15:03:12,2020-10-20 15:04:46,0:01:34
WF_LX_TCC_DWM,t98_vehicle_device_error_rpt0300,2020-10-20 15:48:00,2020-10-20 15:52:50,0:04:50
WF_LX_TCC_DWM,t97_note_detail0200,2020-10-20 16:00:42,2020-10-20 16:00:58,0:00:16
WF_LX_TCC_DWM,t97_line_pty_abn_trip_sum0200,2020-10-20 15:03:14,2020-10-20 15:07:34,0:04:20
WF_LX_TCC_DWM,t97_line_pty_adjust_sum0200,2020-10-20 15:07:35,2020-10-20 15:08:31,0:00:56
WF_LX_TCC_DWM,t97_pis_message_his0200,2020-10-20 16:00:59,2020-10-20 16:02:37,0:01:38
WF_LX_TCC_DWM,t97_warning_his0200,2020-10-20 16:10:10,2020-10-20 16:11:11,0:01:01
WF_LX_TCC_DWM,t97_public_event_his0200,2020-10-20 16:02:56,2020-10-20 16:03:40,0:00:44
WF_LX_TCC_DWM,t98_abn_trip_st_rpt0300,2020-10-20 15:08:32,2020-10-20 15:10:42,0:02:10
WF_LX_TCC_DWM,t97_line_pty_later_sum0200,2020-10-20 15:18:11,2020-10-20 15:19:46,0:01:35
WF_LX_TCC_DWM,t97_line_pty_run_km_sum0200,2020-10-20 15:11:51,2020-10-20 15:12:10,0:00:19
WF_LX_TCC_DWM,t98_train_opr_rpt_rpt0300,2020-10-20 15:21:24,2020-10-20 15:36:51,0:15:27
WF_LX_TCC_DWM,t98_infl_trip_err_detail_rpt0300,2020-10-20 15:03:11,2020-10-20 15:04:57,0:01:46
WF_LX_TCC_DWM,t97_line_pty_error_rec0200,2020-10-20 15:44:39,2020-10-20 15:47:59,0:03:20
WF_LX_TCC_DWM,t97_line_pty_train_stat_sum0200,2020-10-20 15:54:24,2020-10-20 15:55:22,0:00:58
WF_LX_TCC_DWM,t97_capacity_adjust_type_his0200,2020-10-20 15:57:38,2020-10-20 15:58:41,0:01:03
WF_LX_TCC_DWM,t97_spec_opr_dt_type_his0200,2020-10-20 16:04:07,2020-10-20 16:04:42,0:00:35
WF_LX_TCC_DWM,t97_warning_type_his0200,2020-10-20 16:09:19,2020-10-20 16:10:09,0:00:50
WF_LX_TCC_DWM,Block,2020-10-20 15:03:10,2020-10-20 15:03:10,0:00:00
WF_LX_TCC_DWM,t98_vehicle_stat_rpt0300,2020-10-20 15:55:23,2020-10-20 15:56:07,0:00:44
WF_LX_TCC_DWM,t97_infl_trip_note_detail0200,2020-10-20 15:59:39,2020-10-20 16:00:41,0:01:02
WF_LX_TCC_DWM,t97_powersupply_detail0200,2020-10-20 16:02:38,2020-10-20 16:02:55,0:00:17
WF_LX_TCC_DWM,t97_line_pty_plan_exec_sum0200,2020-10-20 15:10:43,2020-10-20 15:11:50,0:01:07
WF_LX_TCC_DWM,t98_train_later_event_st_rpt0300,2020-10-20 15:19:47,2020-10-20 15:21:23,0:01:36
WF_LX_TCC_DWM,ta0_event0200,2020-10-20 15:00:49,2020-10-20 15:01:51,0:01:02
WF_LX_TCC_DWM,ta0_event_infl0200,2020-10-20 15:01:52,2020-10-20 15:02:21,0:00:29
WF_LX_TCC_DWM,t97_capacity_adjust_his0200,2020-10-20 15:56:08,2020-10-20 15:57:37,0:01:29
WF_LX_TCC_DWM,t98_electic_stat_rpt0300,2020-10-20 15:53:48,2020-10-20 15:54:23,0:00:35
WF_LX_TCC_DWM,t97_line_pty_power_sum0200,2020-10-20 15:52:57,2020-10-20 15:53:47,0:00:50
WF_LX_TCC_DWM,t97_dp_spec_opr_dt_his0200,2020-10-20 15:58:42,2020-10-20 15:59:38,0:00:56
WF_LX_TCC_DWM,t97_station_seal_his0200,2020-10-20 16:04:43,2020-10-20 16:05:25,0:00:42
WF_LX_TCC_DWM,t98_eff_trn_error_rpt0300,2020-10-20 15:03:13,2020-10-20 15:05:27,0:02:14
WF_LX_TCC_DWM,t97_line_pty_error_consequence0200,2020-10-20 15:37:13,2020-10-20 15:44:37,0:07:24
WF_LX_TCC_DWM,t97_line_pty_delay_sum0200,2020-10-20 15:12:11,2020-10-20 15:14:42,0:02:31
WF_LX_TCC_DWM,t98_train_delay_st_rpt0300,2020-10-20 15:14:43,2020-10-20 15:18:10,0:03:27
WF_LX_ACC_T98_DELAY_RPT,,2020-09-14 13:34:43,2020-09-14 13:35:24,0:00:41
WF_LX_ACC_T98_DELAY_RPT,t98_od_feature_dd0300,2020-09-14 13:34:44,2020-09-14 13:35:24,0:00:40
CheckTableQuantity,,2020-09-09 13:49:17,2020-09-09 13:51:18,0:02:01
CheckTableQuantity,checkTableQuantity,2020-09-09 13:49:18,2020-09-09 13:50:08,0:00:50
CheckTableQuantity,checkTableQuantity_e,2020-09-09 13:50:19,2020-09-09 13:51:18,0:00:59
t50_test,,2020-10-20 13:25:38,2020-10-20 13:25:42,0:00:04
t50_test,sss,2020-10-20 13:25:38,2020-10-20 13:25:42,0:00:04
WF_LX_ACC_T98_START_FINAL,,2020-10-21 05:48:42,2020-10-21 05:48:46,0:00:04
WF_LX_ACC_T98_START_FINAL,Block,2020-10-21 05:48:42,2020-10-21 05:48:42,0:00:00
WF_LX_ACC_T98_START_FINAL,trigger_next_workflow,2020-10-21 05:48:43,2020-10-21 05:48:46,0:00:03
STN_WF_LX_CODE,,2020-10-20 10:00:25,2020-10-20 10:09:49,0:09:24
STN_WF_LX_CODE,t99_stat_date_cd,2020-10-20 10:00:28,2020-10-20 10:01:44,0:01:16
STN_WF_LX_CODE,t99_dect_stat_index_cd,2020-10-20 10:00:29,2020-10-20 10:03:33,0:03:04
STN_WF_LX_CODE,t99_station_info_wide,2020-10-20 10:00:30,2020-10-20 10:01:54,0:01:24
STN_WF_LX_CODE,set_parameter,2020-10-20 10:00:26,2020-10-20 10:00:26,0:00:00
STN_WF_LX_CODE,t99_etl_section_info,2020-10-20 10:00:27,2020-10-20 10:01:44,0:01:17
STN_WF_LX_CODE,t99_etl_space_info,2020-10-20 10:01:45,2020-10-20 10:03:33,0:01:48
STN_WF_LX_CODE,t99_etl_station_info,2020-10-20 10:03:34,2020-10-20 10:07:05,0:03:31
STN_WF_LX_CODE,t99_etl_xfer_station_info,2020-10-20 10:07:06,2020-10-20 10:09:42,0:02:36
STN_WF_LX_FORECAST,,2020-10-20 10:18:44,2020-10-20 10:56:26,0:37:42
STN_WF_LX_FORECAST,TF_SPACE_PERIOD_ST,2020-10-20 10:18:47,2020-10-20 10:29:45,0:10:58
STN_WF_LX_FORECAST,TF_SPACE_PERIOD_RATE,2020-10-20 10:29:56,2020-10-20 10:40:27,0:10:31
STN_WF_LX_FORECAST,TF_FORCAST_DATE_ACCURACY,2020-10-20 10:32:08,2020-10-20 10:32:54,0:00:46
STN_WF_LX_FORECAST,TF_FORCAST_PERIOD_ERR_RT,2020-10-20 10:40:28,2020-10-20 10:44:01,0:03:33
STN_WF_LX_FORECAST,TF_FORCAST_PERIOD_ACCURACY,2020-10-20 10:44:02,2020-10-20 10:47:27,0:03:25
STN_WF_LX_FORECAST,TF_FORCAST_PERIOD_ACCURACY_DIST,2020-10-20 10:47:28,2020-10-20 10:56:26,0:08:58
STN_WF_LX_FORECAST,set_parameter,2020-10-20 10:18:45,2020-10-20 10:18:45,0:00:00
STN_WF_LX_FORECAST,TF_SPACE_DATE_ST,2020-10-20 10:18:46,2020-10-20 10:24:47,0:06:01
STN_WF_LX_FORECAST,TF_FORCAST_DATE_ERR_RT,2020-10-20 10:29:55,2020-10-20 10:32:07,0:02:12
STN_WF_LX_FORECAST,TF_SPACE_DATE_RATE,2020-10-20 10:24:48,2020-10-20 10:29:54,0:05:06
STN_WF_LX_FORECAST,TF_FORCAST_DATE_ACCURACY_DIST,2020-10-20 10:32:56,2020-10-20 10:47:43,0:14:47
STN_WF_LX_THRESHOLD_DAY,,2020-10-20 11:30:39,2020-10-20 11:33:31,0:02:52
STN_WF_LX_THRESHOLD_DAY,DOS_STATION_PERIOD_ST_DAY,2020-10-20 11:30:42,2020-10-20 11:32:28,0:01:46
STN_WF_LX_THRESHOLD_DAY,yuzhi_parameter,2020-10-20 11:30:41,2020-10-20 11:30:41,0:00:00
STN_WF_LX_THRESHOLD_DAY,DOS_STATION_PERIOD_ST_MONTH,2020-10-20 11:32:29,2020-10-20 11:33:23,0:00:54
STN_WF_LX_THRESHOLD_DAY,set_parameter,2020-10-20 11:30:40,2020-10-20 11:30:40,0:00:00
STN_WF_LX_THRESHOLD_DAY,estimate_beginning_of_month,2020-10-20 11:33:24,2020-10-20 11:33:25,0:00:01
STN_WF_LX_THRESHOLD_SUNDAY_01,,2020-10-20 11:33:25,2020-10-20 11:33:38,0:00:13
STN_WF_LX_THRESHOLD_SUNDAY_01,estimate_ending_of_month,2020-10-20 11:33:35,2020-10-20 11:33:36,0:00:01
STN_WF_LX_THRESHOLD_SUNDAY_01,set_parameter,2020-10-20 11:33:25,2020-10-20 11:33:25,0:00:00
STN_WF_LX_THRESHOLD_SUNDAY_01,yuzhi_parameter,2020-10-20 11:33:25,2020-10-20 11:33:25,0:00:00
STN_WF_LX_THRESHOLD_SUNDAY_01,DOS_STATION_PERIOD_ST_HEAD_CP0010,2020-10-20 11:33:25,2020-10-20 11:33:35,0:00:10
STN_WF_LX_THRESHOLD_SUNDAY_02,,,,工作流尚未执行
STN_WF_LX_THRESHOLD_SUNDAY_02,暂无,,,
STN_WF_LX_THRESHOLD_SUNDAY,,,,工作流尚未执行
STN_WF_LX_THRESHOLD_SUNDAY,暂无,,,
WF_LX_ACC_STL_RECON_010016,,2020-10-20 10:55:18,2020-10-20 10:56:26,0:01:08
WF_LX_ACC_STL_RECON_010016,t98_stl_recon_d_st0300,,,
WF_LX_ACC_STL_RECON_010016,trigger_next_workflow,,,
WF_LX_ACC_STL_RECON_010016,t90_acc_stl_recon0200,2020-10-20 10:55:18,2020-10-20 10:56:26,0:01:08
STN_WF_LX_PASGER_FEATURE,,,,工作流尚未执行
STN_WF_LX_PASGER_FEATURE,暂无,,,
STN_WF_LX_OD_AVG_M,,2020-10-21 09:09:14,,工作流正在执行
STN_WF_LX_OD_AVG_M,D_G_STATION_OD_ST_EN_D1_WMY0020,,,
STN_WF_LX_OD_AVG_M,D_G_STATION_OD_ST_EX_D1_WMY0020,,,
STN_WF_LX_OD_AVG_M,D_G_SECT_PASGR_OD_ST_EN_A1_WMY0020,2020-10-21 09:09:17,2020-10-21 09:14:22,0:05:05
STN_WF_LX_OD_AVG_M,D_G_SECT_PASGR_OD_ST_EN_P2_WMY0020,,,
STN_WF_LX_OD_AVG_M,D_G_STATION_OD_ST_EN_D2_WMY0020,,,
STN_WF_LX_OD_AVG_M,D_G_STATION_OD_ST_EN_P2_WMY0020,,,
STN_WF_LX_OD_AVG_M,D_G_STATION_OD_ST_EX_P2_WMY0020,,,
STN_WF_LX_OD_AVG_M,D_G_SECT_PASGR_OD_ST_EN_D2_WMY0020,,,
STN_WF_LX_OD_AVG_M,D_G_SECT_PASGR_OD_ST_EX_A2_WMY0020,2020-10-21 09:12:13,2020-10-21 09:14:38,0:02:25
STN_WF_LX_OD_AVG_M,D_G_SECT_PASGR_OD_ST_EX_P1_WMY0020,,,
STN_WF_LX_OD_AVG_M,D_G_TRAN_PASGR_OD_ST_EN_D1_WMY0020,,,
STN_WF_LX_OD_AVG_M,D_G_STATION_OD_ST_EN_P1_WMY0020,,,
STN_WF_LX_OD_AVG_M,D_G_STATION_OD_ST_EX_A1_WMY0020,2020-10-21 09:09:16,2020-10-21 09:14:39,0:05:23
STN_WF_LX_OD_AVG_M,D_G_SECT_PASGR_OD_ST_EX_A1_WMY0020,2020-10-21 09:09:18,2020-10-21 09:12:13,0:02:55
STN_WF_LX_OD_AVG_M,D_G_SECT_PASGR_OD_ST_EX_P2_WMY0020,,,
STN_WF_LX_OD_AVG_M,set_parameter,2020-10-21 09:09:14,2020-10-21 09:09:14,0:00:00
STN_WF_LX_OD_AVG_M,D_G_SECT_PASGR_OD_ST_EX_D1_WMY0020,2020-10-21 09:14:38,,
STN_WF_LX_OD_AVG_M,D_G_TRAN_PASGR_OD_ST_EX_D1_WMY0020,,,
STN_WF_LX_OD_AVG_M,set_STAT_CYCLE_M,2020-10-21 09:09:15,2020-10-21 09:09:15,0:00:00
STN_WF_LX_OD_AVG_M,D_G_STATION_OD_ST_EN_A1_WMY0020,2020-10-21 09:09:15,2020-10-21 09:14:01,0:04:46
STN_WF_LX_OD_AVG_M,D_G_STATION_OD_ST_EX_P1_WMY0020,,,
STN_WF_LX_OD_AVG_M,D_G_SECT_PASGR_OD_ST_EN_P1_WMY0020,,,
STN_WF_LX_OD_AVG_M,D_G_TRAN_PASGR_OD_ST_EX_A1_WMY0020,2020-10-21 09:09:20,,
STN_WF_LX_OD_AVG_M,D_G_TRAN_PASGR_OD_ST_EX_P1_WMY0020,,,
STN_WF_LX_OD_AVG_M,D_G_STATION_OD_ST_EN_A2_WMY0020,2020-10-21 09:14:01,,
STN_WF_LX_OD_AVG_M,D_G_SECT_PASGR_OD_ST_EN_D1_WMY0020,,,
STN_WF_LX_OD_AVG_M,D_G_SECT_PASGR_OD_ST_EX_D2_WMY0020,,,
STN_WF_LX_OD_AVG_M,D_G_TRAN_PASGR_OD_ST_EN_A1_WMY0020,2020-10-21 09:09:19,,
STN_WF_LX_OD_AVG_M,D_G_TRAN_PASGR_OD_ST_EN_A2_WMY0020,,,
STN_WF_LX_OD_AVG_M,D_G_TRAN_PASGR_OD_ST_EN_P1_WMY0020,,,
STN_WF_LX_OD_AVG_M,D_G_TRAN_PASGR_OD_ST_EX_P2_WMY0020,,,
STN_WF_LX_OD_AVG_M,D_G_STATION_OD_ST_EX_A2_WMY0020,2020-10-21 09:14:39,,
STN_WF_LX_OD_AVG_M,D_G_TRAN_PASGR_OD_ST_EN_P2_WMY0020,,,
STN_WF_LX_OD_AVG_M,D_G_TRAN_PASGR_OD_ST_EX_A2_WMY0020,,,
STN_WF_LX_OD_AVG_M,D_G_TRAN_PASGR_OD_ST_EX_D2_WMY0020,,,
STN_WF_LX_OD_AVG_M,D_G_STATION_OD_ST_EX_D2_WMY0020,,,
STN_WF_LX_OD_AVG_M,D_G_SECT_PASGR_OD_ST_EN_A2_WMY0020,2020-10-21 09:14:22,,
STN_WF_LX_OD_AVG_M,D_G_TRAN_PASGR_OD_ST_EN_D2_WMY0020,,,
STN_WF_LX_OD_AVG_Y,,2020-10-21 09:09:04,,工作流正在执行
STN_WF_LX_OD_AVG_Y,D_G_STATION_OD_ST_EN_A2_WMY0020,2020-10-21 09:12:13,,
STN_WF_LX_OD_AVG_Y,D_G_SECT_PASGR_OD_ST_EX_D2_WMY0020,,,
STN_WF_LX_OD_AVG_Y,D_G_TRAN_PASGR_OD_ST_EN_A2_WMY0020,,,
STN_WF_LX_OD_AVG_Y,D_G_TRAN_PASGR_OD_ST_EX_A1_WMY0020,2020-10-21 09:09:10,,
STN_WF_LX_OD_AVG_Y,D_G_SECT_PASGR_OD_ST_EX_P1_WMY0020,,,
STN_WF_LX_OD_AVG_Y,D_G_TRAN_PASGR_OD_ST_EN_D2_WMY0020,,,
STN_WF_LX_OD_AVG_Y,D_G_TRAN_PASGR_OD_ST_EX_D2_WMY0020,,,
STN_WF_LX_OD_AVG_Y,D_G_STATION_OD_ST_EX_D1_WMY0020,,,
STN_WF_LX_OD_AVG_Y,D_G_STATION_OD_ST_EX_P2_WMY0020,,,
STN_WF_LX_OD_AVG_Y,D_G_SECT_PASGR_OD_ST_EN_D1_WMY0020,,,
STN_WF_LX_OD_AVG_Y,D_G_SECT_PASGR_OD_ST_EN_P1_WMY0020,,,
STN_WF_LX_OD_AVG_Y,D_G_TRAN_PASGR_OD_ST_EX_D1_WMY0020,,,
STN_WF_LX_OD_AVG_Y,D_G_TRAN_PASGR_OD_ST_EX_P2_WMY0020,,,
STN_WF_LX_OD_AVG_Y,set_parameter,2020-10-21 09:09:04,2020-10-21 09:09:05,0:00:01
STN_WF_LX_OD_AVG_Y,D_G_STATION_OD_ST_EX_A1_WMY0020,2020-10-21 09:09:06,2020-10-21 09:12:13,0:03:07
STN_WF_LX_OD_AVG_Y,D_G_STATION_OD_ST_EX_D2_WMY0020,,,
STN_WF_LX_OD_AVG_Y,D_G_SECT_PASGR_OD_ST_EX_A2_WMY0020,2020-10-21 09:12:13,2020-10-21 09:14:30,0:02:17
STN_WF_LX_OD_AVG_Y,D_G_TRAN_PASGR_OD_ST_EN_D1_WMY0020,,,
STN_WF_LX_OD_AVG_Y,D_G_TRAN_PASGR_OD_ST_EN_P1_WMY0020,,,
STN_WF_LX_OD_AVG_Y,set_STAT_CYCLE_Y,2020-10-21 09:09:05,2020-10-21 09:09:05,0:00:00
STN_WF_LX_OD_AVG_Y,D_G_STATION_OD_ST_EX_A2_WMY0020,2020-10-21 09:12:13,,
STN_WF_LX_OD_AVG_Y,D_G_SECT_PASGR_OD_ST_EN_D2_WMY0020,,,
STN_WF_LX_OD_AVG_Y,D_G_SECT_PASGR_OD_ST_EX_D1_WMY0020,2020-10-21 09:14:30,,
STN_WF_LX_OD_AVG_Y,D_G_STATION_OD_ST_EN_A1_WMY0020,2020-10-21 09:09:05,2020-10-21 09:12:13,0:03:08
STN_WF_LX_OD_AVG_Y,D_G_STATION_OD_ST_EN_D1_WMY0020,,,
STN_WF_LX_OD_AVG_Y,D_G_SECT_PASGR_OD_ST_EN_A1_WMY0020,2020-10-21 09:09:07,2020-10-21 09:14:22,0:05:15
STN_WF_LX_OD_AVG_Y,D_G_SECT_PASGR_OD_ST_EN_A2_WMY0020,2020-10-21 09:14:22,,
STN_WF_LX_OD_AVG_Y,D_G_TRAN_PASGR_OD_ST_EX_A2_WMY0020,,,
STN_WF_LX_OD_AVG_Y,D_G_STATION_OD_ST_EN_P2_WMY0020,,,
STN_WF_LX_OD_AVG_Y,D_G_SECT_PASGR_OD_ST_EX_P2_WMY0020,,,
STN_WF_LX_OD_AVG_Y,D_G_TRAN_PASGR_OD_ST_EN_A1_WMY0020,2020-10-21 09:09:09,,
STN_WF_LX_OD_AVG_Y,D_G_TRAN_PASGR_OD_ST_EN_P2_WMY0020,,,
STN_WF_LX_OD_AVG_Y,D_G_STATION_OD_ST_EN_D2_WMY0020,,,
STN_WF_LX_OD_AVG_Y,D_G_STATION_OD_ST_EN_P1_WMY0020,,,
STN_WF_LX_OD_AVG_Y,D_G_STATION_OD_ST_EX_P1_WMY0020,,,
STN_WF_LX_OD_AVG_Y,D_G_SECT_PASGR_OD_ST_EN_P2_WMY0020,,,
STN_WF_LX_OD_AVG_Y,D_G_SECT_PASGR_OD_ST_EX_A1_WMY0020,2020-10-21 09:09:08,2020-10-21 09:12:13,0:03:05
STN_WF_LX_OD_AVG_Y,D_G_TRAN_PASGR_OD_ST_EX_P1_WMY0020,,,
STN_WF_LX_THRESHOLD_SUNDAY_END,,2020-10-20 11:33:36,2020-10-20 11:34:50,0:01:14
STN_WF_LX_THRESHOLD_SUNDAY_END,set_parameter,2020-10-20 11:33:36,2020-10-20 11:33:36,0:00:00
STN_WF_LX_THRESHOLD_SUNDAY_END,yuzhi_parameter,2020-10-20 11:33:36,2020-10-20 11:33:36,0:00:00
STN_WF_LX_THRESHOLD_SUNDAY_END,DOS_STATION_PERIOD_ST_MID0010,2020-10-20 11:33:37,2020-10-20 11:34:13,0:00:36
STN_WF_LX_THRESHOLD_SUNDAY_END,DOS_STATION_PERIOD_ST_TAIL_CP0010,2020-10-20 11:33:38,2020-10-20 11:34:13,0:00:35
STN_WF_LX_THRESHOLD_SUNDAY_END,DOS_STATION_PERIOD_ST_COMBINE0010,2020-10-20 11:34:13,2020-10-20 11:34:44,0:00:31
STN_WF_LX_THRESHOLD_SUNDAY_END,call_training_shell,2020-10-20 11:34:44,2020-10-20 11:34:44,0:00:00
STN_WF_LX_PEAK_ENTRY,,2020-10-21 09:05:47,,工作流正在执行
STN_WF_LX_PEAK_ENTRY,set_parameter,2020-10-21 09:05:47,2020-10-21 09:05:47,0:00:00
STN_WF_LX_PEAK_ENTRY,D_TH11_ENTRY_PERIOD_ORDER_DECT0010,2020-10-21 09:05:47,2020-10-21 09:09:14,0:03:27
STN_WF_LX_PEAK_ENTRY,D_TH11_ENTRY_PEAK_DIST_ST_WMY0020,,,
STN_WF_LX_PEAK_ENTRY,D_TH11_ENTRY_PEAK_ST_WMY0020,2020-10-21 09:14:04,,
STN_WF_LX_PEAK_ENTRY,set_STAT_CYCLE_W,2020-10-21 09:05:47,2020-10-21 09:05:47,0:00:00
STN_WF_LX_PEAK_ENTRY,D_TH11_ENTRY_PEAK_ST_D0010,2020-10-21 09:09:14,2020-10-21 09:14:04,0:04:50
STN_WF_LX_PEAK_ENTRY,set_STAT_CYCLE_M,,,
STN_WF_LX_PEAK_ENTRY,set_STAT_CYCLE_Y,,,
STN_WF_LX_PEAK_ENTRY,trigger_next_workflow,,,
STN_WF_LX_PEAK_EXIT,,2020-10-20 16:26:14,2020-10-20 16:32:30,0:06:16
STN_WF_LX_PEAK_EXIT,D_TH21_EXIT_PEAK_ST_D0010,2020-10-20 16:27:58,2020-10-20 16:29:13,0:01:15
STN_WF_LX_PEAK_EXIT,D_TH21_EXIT_PEAK_DIST_ST_WMY0020,2020-10-20 16:29:14,2020-10-20 16:30:13,0:00:59
STN_WF_LX_PEAK_EXIT,trigger_next_workflow,2020-10-20 16:32:15,2020-10-20 16:32:16,0:00:01
STN_WF_LX_PEAK_EXIT,D_TH21_EXIT_PERIOD_ORDER_DECT0010,2020-10-20 16:26:15,2020-10-20 16:27:58,0:01:43
STN_WF_LX_PEAK_EXIT,set_STAT_CYCLE_W,2020-10-20 16:26:15,2020-10-20 16:26:15,0:00:00
STN_WF_LX_PEAK_EXIT,D_TH21_EXIT_PEAK_ST_WMY0020,2020-10-20 16:31:13,2020-10-20 16:31:56,0:00:43
STN_WF_LX_PEAK_EXIT,set_STAT_CYCLE_M,2020-10-20 16:30:13,2020-10-20 16:30:14,0:00:01
STN_WF_LX_PEAK_EXIT,set_STAT_CYCLE_Y,2020-10-20 16:31:13,2020-10-20 16:31:13,0:00:00
STN_WF_LX_PEAK_EXIT,set_parameter,2020-10-20 16:26:14,2020-10-20 16:26:15,0:00:01
STN_WF_LX_PEAK_ENEX,,2020-10-20 16:32:16,2020-10-20 16:37:50,0:05:34
STN_WF_LX_PEAK_ENEX,D_TH31_ENEX_PEAK_ST_WMY0020,2020-10-20 16:36:38,2020-10-20 16:37:15,0:00:37
STN_WF_LX_PEAK_ENEX,D_TH31_ENEX_PEAK_DIST_ST_WMY0020,2020-10-20 16:36:39,2020-10-20 16:37:34,0:00:55
STN_WF_LX_PEAK_ENEX,set_STAT_CYCLE_W,2020-10-20 16:32:16,2020-10-20 16:32:16,0:00:00
STN_WF_LX_PEAK_ENEX,D_TH31_ENEX_PERIOD_ORDER_DECT0010,2020-10-20 16:32:16,2020-10-20 16:33:43,0:01:27
STN_WF_LX_PEAK_ENEX,D_TH31_ENEX_PEAK_ST_D0010,2020-10-20 16:33:43,2020-10-20 16:34:49,0:01:06
STN_WF_LX_PEAK_ENEX,set_STAT_CYCLE_M,2020-10-20 16:35:45,2020-10-20 16:35:46,0:00:01
STN_WF_LX_PEAK_ENEX,set_STAT_CYCLE_Y,2020-10-20 16:36:38,2020-10-20 16:36:38,0:00:00
STN_WF_LX_PEAK_ENEX,trigger_next_workflow,2020-10-20 16:37:34,2020-10-20 16:37:36,0:00:02
STN_WF_LX_PEAK_ENEX,set_parameter,2020-10-20 16:32:16,2020-10-20 16:32:16,0:00:00
STN_WF_LX_PEAK_TERM,,2020-10-20 16:37:35,2020-10-20 16:43:02,0:05:27
STN_WF_LX_PEAK_TERM,set_STAT_CYCLE_M,2020-10-20 16:40:59,2020-10-20 16:41:00,0:00:01
STN_WF_LX_PEAK_TERM,D_TH41_TERM_PEAK_DIST_ST_WMY0020,2020-10-20 16:40:07,2020-10-20 16:40:59,0:00:52
STN_WF_LX_PEAK_TERM,trigger_next_workflow,2020-10-20 16:42:46,2020-10-20 16:42:48,0:00:02
STN_WF_LX_PEAK_TERM,set_parameter,2020-10-20 16:37:35,2020-10-20 16:37:35,0:00:00
STN_WF_LX_PEAK_TERM,D_TH41_TERM_PEAK_ST_WMY0020,2020-10-20 16:41:52,2020-10-20 16:42:18,0:00:26
STN_WF_LX_PEAK_TERM,set_STAT_CYCLE_Y,2020-10-20 16:41:52,2020-10-20 16:41:52,0:00:00
STN_WF_LX_PEAK_TERM,set_STAT_CYCLE_W,2020-10-20 16:37:36,2020-10-20 16:37:36,0:00:00
STN_WF_LX_PEAK_TERM,D_TH41_TERM_PERIOD_ORDER_DECT0010,2020-10-20 16:37:36,2020-10-20 16:39:05,0:01:29
STN_WF_LX_PEAK_TERM,D_TH41_TERM_PEAK_ST_D0010,2020-10-20 16:39:05,2020-10-20 16:40:06,0:01:01
STN_WF_LX_PEAK_TRAN,,2020-10-20 16:42:47,2020-10-20 17:23:17,0:40:30
STN_WF_LX_PEAK_TRAN,set_STAT_CYCLE_Y,2020-10-20 17:15:09,2020-10-20 17:15:09,0:00:00
STN_WF_LX_PEAK_TRAN,D_TH51_TRAN_PEAK_DIST_ST_WMY0020,2020-10-20 17:07:16,2020-10-20 17:15:09,0:07:53
STN_WF_LX_PEAK_TRAN,D_TH51_TRAN_PERIOD_ORDER_DECT0010,2020-10-20 16:42:48,2020-10-20 16:50:37,0:07:49
STN_WF_LX_PEAK_TRAN,D_TH51_TRAN_PEAK_ST_D0010,2020-10-20 16:50:37,2020-10-20 16:59:19,0:08:42
STN_WF_LX_PEAK_TRAN,D_TH51_TRAN_PEAK_ST_WMY0020,2020-10-20 17:15:10,2020-10-20 17:22:49,0:07:39
STN_WF_LX_PEAK_TRAN,trigger_next_workflow,2020-10-20 17:23:02,2020-10-20 17:23:03,0:00:01
STN_WF_LX_PEAK_TRAN,set_parameter,2020-10-20 16:42:47,2020-10-20 16:42:47,0:00:00
STN_WF_LX_PEAK_TRAN,set_STAT_CYCLE_W,2020-10-20 16:42:48,2020-10-20 16:42:48,0:00:00
STN_WF_LX_PEAK_TRAN,set_STAT_CYCLE_M,2020-10-20 17:07:15,2020-10-20 17:07:15,0:00:00
STN_WF_LX_PEAK_SECT,,2020-10-20 17:23:03,2020-10-20 18:00:52,0:37:49
STN_WF_LX_PEAK_SECT,D_TH61_SECT_PERIOD_ORDER_DECT0010,2020-10-20 17:23:03,2020-10-20 17:26:09,0:03:06
STN_WF_LX_PEAK_SECT,D_TH61_SECT_PEAK_ST_D0010,2020-10-20 17:30:10,2020-10-20 17:32:23,0:02:13
STN_WF_LX_PEAK_SECT,D_TH61_SECT_FCRATE_PEAK_ST_WMY0020,2020-10-20 17:28:45,2020-10-20 17:29:34,0:00:49
STN_WF_LX_PEAK_SECT,D_TH61_SECT_PEAK_ST_WMY0020,2020-10-20 17:32:23,2020-10-20 17:38:07,0:05:44
STN_WF_LX_PEAK_SECT,set_STAT_CYCLE_Y,2020-10-20 17:49:58,2020-10-20 17:49:58,0:00:00
STN_WF_LX_PEAK_SECT,D_TH61_SECT_PEAK_DIST_ST_WMY0020,2020-10-20 17:32:24,2020-10-20 17:40:01,0:07:37
STN_WF_LX_PEAK_SECT,set_parameter,2020-10-20 17:23:03,2020-10-20 17:23:03,0:00:00
STN_WF_LX_PEAK_SECT,D_TH61_SECT_FCRATE_PEAK_ST_D0010,2020-10-20 17:26:09,2020-10-20 17:26:53,0:00:44
STN_WF_LX_PEAK_SECT,D_TH61_SECT_FCRATE_PEAK_DIST_ST_WMY0020,2020-10-20 17:28:09,2020-10-20 17:28:45,0:00:36
STN_WF_LX_PEAK_SECT,set_STAT_CYCLE_M,2020-10-20 17:40:01,2020-10-20 17:40:01,0:00:00
STN_WF_LX_PEAK_SECT,set_STAT_CYCLE_W,2020-10-20 17:23:03,2020-10-20 17:23:03,0:00:00
STN_WF_LX_PEAK_SECT,trigger_next_workflow,2020-10-20 18:00:24,2020-10-20 18:00:25,0:00:01
Test,,2020-10-12 16:21:52,2020-10-12 16:22:22,0:00:30
Test,Test,2020-10-12 16:21:53,2020-10-12 16:22:22,0:00:29
WF_LX_ACC_T98_OD_TRANSFER_E,,2020-10-21 05:53:52,2020-10-21 06:13:35,0:19:43
WF_LX_ACC_T98_OD_TRANSFER_E,t98_line_average_d_st_e0300,2020-10-21 06:12:59,2020-10-21 06:13:33,0:00:34
WF_LX_ACC_T98_OD_TRANSFER_E,t98_tran_qtty_date_st_e0300,2020-10-21 05:53:52,2020-10-21 06:01:37,0:07:45
WF_LX_ACC_T98_OD_TRANSFER_E,t98_pasgr_qtty_date_st_e0300,2020-10-21 06:01:37,2020-10-21 06:02:57,0:01:20
WF_LX_ACC_T98_OD_TRANSFER_E,t98_avg_full_carry_rt_date_st_e0300,2020-10-21 06:02:57,2020-10-21 06:09:30,0:06:33
WF_LX_ACC_T98_OD_TRANSFER_E,t98_stat_term_qtty_date_st_e0300,2020-10-21 06:01:38,2020-10-21 06:04:56,0:03:18
WF_LX_ACC_T98_OD_TRANSFER_E,t98_pasgr_qtty_period_st_e0300,2020-10-21 06:11:04,2020-10-21 06:11:33,0:00:29
WF_LX_ACC_T98_OD_TRANSFER_E,t98_tran_qtty_period_st_e0300,2020-10-21 06:09:31,2020-10-21 06:11:03,0:01:32
WF_LX_ACC_T98_OD_TRANSFER_E,t98_stat_term_qtty_period_st_e0300,2020-10-21 06:11:03,2020-10-21 06:12:26,0:01:23
WF_LX_ACC_T98_OD_TRANSFER_E,t98_line_average_period_st_e0300,2020-10-21 06:11:33,2020-10-21 06:12:59,0:01:26
WF_LX_ACC_T98_TURNOVER,,2020-10-21 05:18:10,2020-10-21 05:19:34,0:01:24
WF_LX_ACC_T98_TURNOVER,t98_pasgr_turnover_period_st0300,2020-10-21 05:19:01,2020-10-21 05:19:32,0:00:31
WF_LX_ACC_T98_TURNOVER,trigger_next_workflow,2020-10-21 05:19:32,2020-10-21 05:19:33,0:00:01
WF_LX_ACC_T98_TURNOVER,t98_pasgr_turnover_date_st0300,2020-10-21 05:18:10,2020-10-21 05:19:01,0:00:51
WF_LX_ACC_T98_TURNOVER_E,,2020-10-21 05:48:46,2020-10-21 05:53:53,0:05:07
WF_LX_ACC_T98_TURNOVER_E,t98_pasgr_turnover_date_st_e0300,2020-10-21 05:48:46,2020-10-21 05:51:54,0:03:08
WF_LX_ACC_T98_TURNOVER_E,t98_pasgr_turnover_period_st_e0300,2020-10-21 05:51:54,2020-10-21 05:53:51,0:01:57
WF_LX_ACC_T98_TURNOVER_E,trigger_next_workflow,2020-10-21 05:53:51,2020-10-21 05:53:52,0:00:01
WF_LX_ACC_T50_JCP_SELL,,2020-10-09 10:41:44,2020-10-09 10:41:53,0:00:09
WF_LX_ACC_T50_JCP_SELL,t50_jcp_sell0200,2020-10-09 10:41:45,2020-10-09 10:41:53,0:00:08
WF_LX_ACC_T50_TICKET_ORDER,,2020-10-20 10:43:38,2020-10-20 10:56:26,0:12:48
WF_LX_ACC_T50_TICKET_ORDER,t98_joint_prod_sell_date_st0300,,,
WF_LX_ACC_T50_TICKET_ORDER,t98_on_offline_pay_date_st_e0300,,,
WF_LX_ACC_T50_TICKET_ORDER,t98_on_offline_pay_date_st0300,,,
WF_LX_ACC_T50_TICKET_ORDER,t50_online_device_pay0200,2020-10-20 10:49:33,2020-10-20 10:53:13,0:03:40
WF_LX_ACC_T50_TICKET_ORDER,t98_prod_sell_date_st0300,,,
WF_LX_ACC_T50_TICKET_ORDER,t50_ticket_order0200,,,
WF_LX_ACC_T50_TICKET_ORDER,t98_on_offline_pay_detail0300,2020-10-20 10:53:13,2020-10-20 10:56:26,0:03:13
WF_LX_ACC_T50_TICKET_ORDER,t98_on_offline_pay_period_st0300,,,
WF_LX_ACC_T50_TICKET_ORDER,t98_on_offline_pay_period_st_e0300,,,
WF_LX_ACC_T50_TICKET_ORDER,t50_offline_pay0200,2020-10-20 10:43:39,2020-10-20 10:49:33,0:05:54
WF_LX_ACC_T50_TICKET_ORDER,t50_joint_ticket_order0200,,,
WF_LX_ACC_KYC_011101,,2020-10-20 14:16:36,2020-10-20 14:20:21,0:03:45
WF_LX_ACC_KYC_011101,t81_forecast_entry_exit_info0200,2020-10-20 14:16:36,2020-10-20 14:18:06,0:01:30
WF_LX_ACC_KYC_011101,t98_forecast_entry_exit_st0300,2020-10-20 14:18:06,2020-10-20 14:20:19,0:02:13
WF_LX_ACC_KYC_011101,trigger_next_workflow,2020-10-20 14:20:19,2020-10-20 14:20:20,0:00:01
WF_LX_ACC_KYC_011102,,2020-10-20 14:19:18,2020-10-20 14:20:36,0:01:18
WF_LX_ACC_KYC_011102,t81_forecast_sect_fcrate_info0200,2020-10-20 14:19:18,2020-10-20 14:20:24,0:01:06
WF_LX_ACC_KYC_011102,t98_forecast_sect_fcrate_st0300,2020-10-20 14:20:24,2020-10-20 14:20:34,0:00:10
WF_LX_ACC_KYC_011102,trigger_next_workflow,2020-10-20 14:20:34,2020-10-20 14:20:35,0:00:01
WF_LX_ACC_KYC_011103,,2020-10-20 14:20:18,2020-10-20 14:20:39,0:00:21
WF_LX_ACC_KYC_011103,t81_forecast_transfer_info0200,2020-10-20 14:20:18,2020-10-20 14:20:25,0:00:07
WF_LX_ACC_KYC_011103,t98_forecast_transfer_st0300,2020-10-20 14:20:25,2020-10-20 14:20:37,0:00:12
WF_LX_ACC_KYC_011103,trigger_next_workflow,2020-10-20 14:20:37,2020-10-20 14:20:37,0:00:00
CACC_WF_LX_FINANCE,,2020-10-19 15:27:10,2020-10-19 15:33:50,0:06:40
CACC_WF_LX_FINANCE,t97_cacc_8day_ads_tm,2020-10-19 15:30:00,2020-10-19 15:30:10,0:00:10
CACC_WF_LX_FINANCE,t97_cacc_num_ads,2020-10-19 15:32:20,2020-10-19 15:33:36,0:01:16
CACC_WF_LX_FINANCE,t97_cacc_8day_ads_amt,2020-10-19 15:27:10,2020-10-19 15:28:44,0:01:34
CACC_WF_LX_FINANCE,t97_cacc_5day_ads_amt,2020-10-19 15:28:44,2020-10-19 15:30:00,0:01:16
CACC_WF_LX_FINANCE,t97_cacc_5day_ads_tm,2020-10-19 15:30:10,2020-10-19 15:30:47,0:00:37
CACC_WF_LX_FINANCE,t97_cacc_minsal_ads_amt,2020-10-19 15:30:47,2020-10-19 15:31:00,0:00:13
CACC_WF_LX_FINANCE,t97_cacc_fir_time_ads_d_st,2020-10-19 15:31:00,2020-10-19 15:31:09,0:00:09
CACC_WF_LX_FINANCE,t97_cacc_trip_sum_st,2020-10-19 15:31:09,2020-10-19 15:32:20,0:01:11
CACC_WF_LX_FINANCE,trigger_next_workflow,2020-10-19 15:33:36,2020-10-19 15:33:37,0:00:01
CACC_WF_LX_STABLE,,2020-10-12 14:31:20,2020-10-12 14:32:22,0:01:02
CACC_WF_LX_STABLE,t97_cacc_bool_ste_1_ads,2020-10-12 14:31:20,2020-10-12 14:31:48,0:00:28
CACC_WF_LX_STABLE,t97_cacc_bool_ste_2_ads,2020-10-12 14:31:48,2020-10-12 14:31:55,0:00:07
CACC_WF_LX_STABLE,t97_cacc_bool_ste_3_ads,2020-10-12 14:31:55,2020-10-12 14:32:07,0:00:12
CACC_WF_LX_STABLE,t97_cacc_bool_ste_muting_cnt,2020-10-12 14:32:07,2020-10-12 14:32:12,0:00:05
CACC_WF_LX_STABLE,t97_cacc_bool_ste_temp_ads,2020-10-12 14:32:12,2020-10-12 14:32:15,0:00:03
CACC_WF_LX_STABLE,trigger_next_workflow,2020-10-12 14:32:15,2020-10-12 14:32:16,0:00:01
WF_LX_T10_CODE,,2020-10-21 06:26:35,2020-10-21 06:29:21,0:02:46
WF_LX_T10_CODE,t10_party0200,2020-10-21 06:26:35,2020-10-21 06:27:27,0:00:52
WF_LX_T10_CODE,t10_employee0200,2020-10-21 06:27:27,2020-10-21 06:28:18,0:00:51
WF_LX_T10_CODE,t10_pty_cont_infor_his0200,2020-10-21 06:28:18,2020-10-21 06:29:18,0:01:00
WF_LX_T10_CODE,trigger_next_workflow,2020-10-21 06:29:18,2020-10-21 06:29:18,0:00:00
WF_LX_T20_CODE,,2020-10-21 07:58:54,2020-10-21 08:01:34,0:02:40
WF_LX_T20_CODE,t20_platform0200,2020-10-21 08:01:08,2020-10-21 08:01:22,0:00:14
WF_LX_T20_CODE,t20_station_oper_mode_rec0200,2020-10-21 08:01:22,2020-10-21 08:01:30,0:00:08
WF_LX_T20_CODE,trigger_next_workflow,2020-10-21 08:01:30,2020-10-21 08:01:31,0:00:01
WF_LX_T20_CODE,t20_station0200,2020-10-21 07:58:54,2020-10-21 08:00:41,0:01:47
WF_LX_T20_CODE,t20_line0200,2020-10-21 08:00:41,2020-10-21 08:01:08,0:00:27
WF_LX_JTW_PASGER_B01007,,2020-10-20 15:05:22,2020-10-20 15:05:47,0:00:25
WF_LX_JTW_PASGER_B01007,t73_sub_railway_pasgr_date_st0200,2020-10-20 15:05:22,2020-10-20 15:05:45,0:00:23
WF_LX_JTW_PASGER_B01007,trigger_next_workflow,2020-10-20 15:05:46,2020-10-20 15:05:46,0:00:00
WF_LX_TCC_TRAIN_ACTURL_SCHEDULE,,2020-10-21 06:54:58,2020-10-21 06:58:03,0:03:05
WF_LX_TCC_TRAIN_ACTURL_SCHEDULE,t40_revised_train_sch_actl0200,2020-10-21 06:54:58,2020-10-21 06:55:39,0:00:41
WF_LX_TCC_TRAIN_ACTURL_SCHEDULE,t40_stat_std_train_sch_actl0200,2020-10-21 06:55:39,2020-10-21 06:57:42,0:02:03
WF_LX_TCC_TRAIN_ACTURL_SCHEDULE,t40_actl_train_sch0200,2020-10-21 06:57:42,2020-10-21 06:58:03,0:00:21
STN_WF_LX_TRAIN_STATION_TIME,,2020-10-20 11:01:31,2020-10-20 11:01:50,0:00:19
STN_WF_LX_TRAIN_STATION_TIME,call_spark_submit,2020-10-20 11:01:32,2020-10-20 11:01:50,0:00:18
